date,home,home_xg,away,away_xg
2017-08-18,Leganés,1.3,Alavés,1.1
2017-08-18,Valencia,1.4,Las Palmas,0.2
2017-08-19,Celta Vigo,1.8,Real Sociedad,2.1
2017-08-19,Girona,2.2,Atlético Madrid,0.7
2017-08-19,Sevilla,2.4,Espanyol,1.3
2017-08-20,Athletic Club,1.2,Getafe,0.5
2017-08-20,Barcelona,1.1,Betis,0.1
2017-08-20,La Coruña,1.7,Real Madrid,2.1
2017-08-21,Levante,1.4,Villarreal,0.5
2017-08-21,Málaga,0.9,Eibar,1.4
2017-08-25,Real Sociedad,2.0,Villarreal,0.2
2017-08-25,Betis,1.6,Celta Vigo,0.3
2017-08-26,Alavés,0.9,Barcelona,2.5
2017-08-26,Girona,1.4,Málaga,0.4
2017-08-26,Levante,2.4,La Coruña,0.8
2017-08-26,Las Palmas,1.4,Atlético Madrid,0.4
2017-08-27,Espanyol,1.2,Leganés,1.2
2017-08-27,Eibar,1.2,Athletic Club,1.1
2017-08-27,Getafe,1.8,Sevilla,1.2
2017-08-27,Real Madrid,3.2,Valencia,0.9
2017-09-08,Leganés,1.6,Getafe,0.4
2017-09-09,Real Madrid,3.1,Levante,0.7
2017-09-09,Valencia,0.5,Atlético Madrid,0.6
2017-09-09,Sevilla,3.0,Eibar,0.8
2017-09-09,Barcelona,5.1,Espanyol,0.7
2017-09-10,La Coruña,1.0,Real Sociedad,2.0
2017-09-10,Athletic Club,1.6,Girona,0.4
2017-09-10,Celta Vigo,2.7,Alavés,0.5
2017-09-10,Villarreal,1.5,Betis,0.9
2017-09-11,Málaga,1.0,Las Palmas,2.0
2017-09-15,Eibar,0.5,Leganés,0.3
2017-09-16,Levante,0.9,Valencia,1.7
2017-09-16,Getafe,1.0,Barcelona,0.4
2017-09-16,Betis,2.6,La Coruña,0.5
2017-09-16,Atlético Madrid,1.5,Málaga,0.6
2017-09-17,Alavés,0.7,Villarreal,2.1
2017-09-17,Girona,1.7,Sevilla,1.2
2017-09-17,Las Palmas,1.0,Athletic Club,1.2
2017-09-17,Real Sociedad,0.5,Real Madrid,2.8
2017-09-18,Espanyol,0.8,Celta Vigo,1.1
2017-09-19,Valencia,3.0,Málaga,0.8
2017-09-19,Barcelona,2.4,Eibar,1.3
2017-09-20,Leganés,0.6,Girona,1.2
2017-09-20,Athletic Club,2.0,Atlético Madrid,2.2
2017-09-20,La Coruña,1.7,Alavés,0.4
2017-09-20,Sevilla,1.4,Las Palmas,0.4
2017-09-20,Real Madrid,3.5,Betis,1.1
2017-09-21,Villarreal,1.5,Espanyol,1.0
2017-09-21,Celta Vigo,0.6,Getafe,0.8
2017-09-21,Levante,1.9,Real Sociedad,0.7
2017-09-23,Atlético Madrid,1.3,Sevilla,0.5
2017-09-23,Alavés,0.7,Real Madrid,2.4
2017-09-23,Málaga,2.2,Athletic Club,1.9
2017-09-23,Girona,0.7,Barcelona,1.0
2017-09-24,Espanyol,2.7,La Coruña,1.6
2017-09-24,Getafe,2.3,Villarreal,1.1
2017-09-24,Las Palmas,0.7,Leganés,1.6
2017-09-24,Eibar,1.1,Celta Vigo,1.2
2017-09-24,Real Sociedad,1.1,Valencia,1.8
2017-09-25,Betis,2.2,Levante,0.4
2017-09-29,Celta Vigo,2.3,Girona,1.4
2017-09-30,La Coruña,2.3,Getafe,1.3
2017-09-30,Sevilla,2.2,Málaga,0.4
2017-09-30,Levante,1.1,Alavés,2.2
2017-09-30,Leganés,0.4,Atlético Madrid,1.1
2017-10-01,Real Sociedad,1.7,Betis,2.1
2017-10-01,Barcelona,4.0,Las Palmas,0.7
2017-10-01,Valencia,2.6,Athletic Club,2.2
2017-10-01,Villarreal,2.5,Eibar,0.4
2017-10-01,Real Madrid,2.8,Espanyol,0.4
2017-10-13,Espanyol,2.4,Levante,0.9
2017-10-14,Athletic Club,1.2,Sevilla,2.3
2017-10-14,Getafe,1.0,Real Madrid,2.0
2017-10-14,Alavés,0.6,Real Sociedad,0.8
2017-10-14,Atlético Madrid,0.2,Barcelona,1.4
2017-10-15,Eibar,0.6,La Coruña,0.6
2017-10-15,Girona,2.4,Villarreal,1.4
2017-10-15,Málaga,1.0,Leganés,2.2
2017-10-15,Betis,2.6,Valencia,1.7
2017-10-16,Las Palmas,2.1,Celta Vigo,1.8
2017-10-21,Levante,0.5,Getafe,0.8
2017-10-21,Betis,0.8,Alavés,0.7
2017-10-21,Valencia,2.2,Sevilla,0.8
2017-10-21,Barcelona,1.9,Málaga,0.6
2017-10-22,Villarreal,2.7,Las Palmas,0.9
2017-10-22,Celta Vigo,1.1,Atlético Madrid,0.9
2017-10-22,Leganés,1.1,Athletic Club,0.7
2017-10-22,Real Madrid,1.4,Eibar,0.3
2017-10-23,Real Sociedad,1.3,Espanyol,0.5
2017-10-23,La Coruña,2.4,Girona,1.8
2017-10-28,Alavés,0.9,Valencia,1.0
2017-10-28,Atlético Madrid,1.6,Villarreal,0.7
2017-10-28,Athletic Club,1.1,Barcelona,2.7
2017-10-28,Sevilla,1.7,Leganés,1.2
2017-10-29,Getafe,2.2,Real Sociedad,1.2
2017-10-29,Girona,2.2,Real Madrid,1.5
2017-10-29,Eibar,1.6,Levante,1.0
2017-10-29,Málaga,1.9,Celta Vigo,1.2
2017-10-30,Las Palmas,0.6,La Coruña,1.7
2017-10-30,Espanyol,0.9,Betis,0.4
2017-11-03,Betis,1.3,Getafe,0.8
2017-11-04,Valencia,2.2,Leganés,1.2
2017-11-04,La Coruña,0.6,Atlético Madrid,0.5
2017-11-04,Alavés,0.7,Espanyol,0.9
2017-11-04,Barcelona,2.1,Sevilla,0.6
2017-11-05,Levante,0.8,Girona,1.5
2017-11-05,Celta Vigo,1.0,Athletic Club,0.9
2017-11-05,Real Sociedad,2.4,Eibar,0.3
2017-11-05,Villarreal,1.2,Málaga,0.5
2017-11-05,Real Madrid,2.2,Las Palmas,0.2
2017-11-17,Girona,1.2,Real Sociedad,1.4
2017-11-18,Getafe,3.2,Alavés,0.8
2017-11-18,Leganés,1.5,Barcelona,2.6
2017-11-18,Sevilla,1.3,Celta Vigo,1.8
2017-11-18,Atlético Madrid,0.7,Real Madrid,1.4
2017-11-19,Málaga,1.8,La Coruña,1.2
2017-11-19,Espanyol,1.1,Valencia,1.0
2017-11-19,Las Palmas,0.8,Levante,0.9
2017-11-19,Athletic Club,1.0,Villarreal,1.4
2017-11-20,Eibar,2.2,Betis,0.8
2017-11-24,Celta Vigo,1.8,Leganés,0.8
2017-11-25,Alavés,0.4,Eibar,1.0
2017-11-25,Real Madrid,2.9,Málaga,0.6
2017-11-25,Betis,1.1,Girona,1.6
2017-11-25,Levante,1.3,Atlético Madrid,3.4
2017-11-26,La Coruña,1.8,Athletic Club,1.7
2017-11-26,Real Sociedad,2.2,Las Palmas,1.9
2017-11-26,Villarreal,2.1,Sevilla,1.6
2017-11-26,Valencia,1.2,Barcelona,1.0
2017-11-27,Espanyol,0.9,Getafe,0.8
2017-12-01,Málaga,1.0,Levante,0.5
2017-12-02,Barcelona,3.7,Celta Vigo,2.0
2017-12-02,Atlético Madrid,3.6,Real Sociedad,1.7
2017-12-02,Sevilla,1.2,La Coruña,0.9
2017-12-02,Athletic Club,1.2,Real Madrid,1.6
2017-12-03,Leganés,1.1,Villarreal,0.8
2017-12-03,Getafe,0.9,Valencia,0.9
2017-12-03,Eibar,1.5,Espanyol,0.3
2017-12-03,Las Palmas,2.4,Betis,0.3
2017-12-04,Girona,0.5,Alavés,1.8
2017-12-08,Alavés,3.1,Las Palmas,0.3
2017-12-09,Getafe,0.3,Eibar,1.0
2017-12-09,Real Madrid,3.2,Sevilla,0.4
2017-12-09,La Coruña,0.8,Leganés,0.2
2017-12-09,Valencia,1.6,Celta Vigo,1.2
2017-12-10,Real Sociedad,1.8,Málaga,1.8
2017-12-10,Betis,0.3,Atlético Madrid,0.6
2017-12-10,Levante,0.7,Athletic Club,2.0
2017-12-10,Villarreal,0.7,Barcelona,3.5
2017-12-11,Espanyol,0.4,Girona,1.4
2017-12-15,Sevilla,2.0,Levante,0.9
2017-12-16,Athletic Club,0.7,Real Sociedad,0.5
2017-12-16,Eibar,0.7,Valencia,0.9
2017-12-16,Atlético Madrid,1.1,Alavés,0.6
2017-12-17,Girona,0.3,Getafe,0.2
2017-12-17,Celta Vigo,1.0,Villarreal,0.6
2017-12-17,Las Palmas,1.8,Espanyol,1.9
2017-12-17,Barcelona,5.6,La Coruña,0.3
2017-12-18,Málaga,0.8,Betis,1.8
2017-12-19,Levante,0.8,Leganés,0.4
2017-12-20,Getafe,2.7,Las Palmas,2.1
2017-12-20,Real Sociedad,1.6,Sevilla,0.4
2017-12-21,Eibar,2.1,Girona,0.5
2017-12-21,Alavés,2.1,Málaga,0.4
2017-12-22,Betis,1.2,Athletic Club,2.8
2017-12-22,Espanyol,0.9,Atlético Madrid,1.0
2017-12-23,Real Madrid,1.0,Barcelona,2.6
2017-12-23,Valencia,1.9,Villarreal,1.1
2017-12-23,La Coruña,2.1,Celta Vigo,1.3
2018-01-06,Atlético Madrid,1.4,Getafe,0.7
2018-01-06,Valencia,1.7,Girona,1.4
2018-01-06,Las Palmas,0.9,Eibar,1.6
2018-01-06,Sevilla,1.8,Betis,1.5
2018-01-07,Leganés,1.1,Real Sociedad,0.6
2018-01-07,Barcelona,1.8,Levante,0.7
2018-01-07,Villarreal,1.2,La Coruña,1.5
2018-01-07,Athletic Club,1.9,Alavés,0.3
2018-01-07,Celta Vigo,2.0,Real Madrid,2.1
2018-01-08,Málaga,1.6,Espanyol,0.3
2018-01-12,Getafe,1.2,Málaga,0.5
2018-01-13,Girona,3.6,Las Palmas,0.2
2018-01-13,Real Madrid,2.3,Villarreal,0.9
2018-01-13,Eibar,0.9,Atlético Madrid,1.6
2018-01-13,La Coruña,1.9,Valencia,0.5
2018-01-14,Levante,2.2,Celta Vigo,0.3
2018-01-14,Alavés,0.6,Sevilla,0.9
2018-01-14,Espanyol,0.6,Athletic Club,1.2
2018-01-14,Real Sociedad,0.8,Barcelona,1.3
2018-01-15,Betis,1.8,Leganés,1.5
2018-01-19,Getafe,3.9,Athletic Club,1.4
2018-01-20,Espanyol,1.2,Sevilla,1.3
2018-01-20,Atlético Madrid,1.5,Girona,0.7
2018-01-20,Villarreal,2.9,Levante,1.3
2018-01-20,Las Palmas,2.8,Valencia,1.7
2018-01-21,Alavés,1.6,Leganés,1.5
2018-01-21,Real Madrid,2.5,La Coruña,1.8
2018-01-21,Real Sociedad,1.7,Celta Vigo,1.5
2018-01-21,Betis,0.4,Barcelona,2.1
2018-01-22,Eibar,1.8,Málaga,1.4
2018-01-26,Athletic Club,1.3,Eibar,0.6
2018-01-27,La Coruña,1.0,Levante,1.1
2018-01-27,Valencia,1.1,Real Madrid,2.7
2018-01-27,Málaga,0.7,Girona,0.6
2018-01-27,Villarreal,1.8,Real Sociedad,1.1
2018-01-28,Leganés,0.5,Espanyol,1.1
2018-01-28,Atlético Madrid,2.8,Las Palmas,0.5
2018-01-28,Sevilla,1.5,Getafe,0.6
2018-01-28,Barcelona,2.1,Alavés,1.0
2018-01-29,Celta Vigo,2.5,Betis,1.3
2018-02-02,Real Sociedad,2.7,La Coruña,0.2
2018-02-03,Eibar,1.6,Sevilla,1.5
2018-02-03,Betis,0.5,Villarreal,1.5
2018-02-03,Alavés,1.1,Celta Vigo,1.3
2018-02-03,Levante,1.2,Real Madrid,1.4
2018-02-04,Getafe,0.9,Leganés,0.1
2018-02-04,Espanyol,0.8,Barcelona,0.8
2018-02-04,Girona,2.5,Athletic Club,0.4
2018-02-04,Atlético Madrid,0.6,Valencia,0.4
2018-02-05,Las Palmas,0.4,Málaga,0.7
2018-02-09,Athletic Club,0.7,Las Palmas,0.4
2018-02-10,Villarreal,1.8,Alavés,0.5
2018-02-10,Málaga,0.6,Atlético Madrid,0.4
2018-02-10,Leganés,0.1,Eibar,1.5
2018-02-10,Real Madrid,4.1,Real Sociedad,0.7
2018-02-11,Sevilla,2.0,Girona,1.8
2018-02-11,Barcelona,1.0,Getafe,0.4
2018-02-11,Celta Vigo,2.5,Espanyol,0.4
2018-02-11,Valencia,3.5,Levante,0.2
2018-02-12,La Coruña,1.7,Betis,0.8
2018-02-16,Girona,1.6,Leganés,0.5
2018-02-17,Las Palmas,1.3,Sevilla,3.1
2018-02-17,Eibar,0.7,Barcelona,2.4
2018-02-17,Alavés,1.2,La Coruña,0.3
2018-02-17,Málaga,1.3,Valencia,1.2
2018-02-18,Real Sociedad,1.8,Levante,0.6
2018-02-18,Atlético Madrid,1.4,Athletic Club,0.3
2018-02-18,Espanyol,1.3,Villarreal,0.9
2018-02-18,Betis,2.1,Real Madrid,1.6
2018-02-19,Getafe,1.4,Celta Vigo,0.1
2018-02-21,Leganés,1.2,Real Madrid,2.0
2018-02-23,La Coruña,1.9,Espanyol,0.3
2018-02-24,Celta Vigo,1.5,Eibar,1.5
2018-02-24,Real Madrid,2.8,Alavés,0.5
2018-02-24,Leganés,1.7,Las Palmas,0.2
2018-02-24,Barcelona,2.8,Girona,0.7
2018-02-25,Villarreal,0.9,Getafe,1.6
2018-02-25,Athletic Club,0.7,Málaga,1.7
2018-02-25,Valencia,1.6,Real Sociedad,1.1
2018-02-25,Sevilla,1.0,Atlético Madrid,2.6
2018-02-26,Levante,0.6,Betis,1.7
2018-02-27,Espanyol,0.9,Real Madrid,1.1
2018-02-27,Girona,0.9,Celta Vigo,0.5
2018-02-28,Getafe,1.8,La Coruña,0.4
2018-02-28,Málaga,0.4,Sevilla,0.8
2018-02-28,Athletic Club,1.8,Valencia,0.2
2018-02-28,Eibar,1.1,Villarreal,0.6
2018-02-28,Atlético Madrid,2.3,Leganés,0.8
2018-03-01,Betis,0.5,Real Sociedad,0.6
2018-03-01,Las Palmas,1.6,Barcelona,1.0
2018-03-01,Alavés,2.3,Levante,0.3
2018-03-03,Villarreal,0.7,Girona,0.4
2018-03-03,Sevilla,2.3,Athletic Club,0.7
2018-03-03,Leganés,0.9,Málaga,0.6
2018-03-03,La Coruña,1.3,Eibar,0.9
2018-03-03,Real Madrid,1.8,Getafe,0.9
2018-03-04,Levante,1.9,Espanyol,1.6
2018-03-04,Barcelona,0.9,Atlético Madrid,0.2
2018-03-04,Real Sociedad,1.9,Alavés,0.5
2018-03-04,Valencia,1.3,Betis,0.4
2018-03-05,Celta Vigo,1.7,Las Palmas,0.4
2018-03-09,Girona,1.0,La Coruña,0.8
2018-03-10,Eibar,1.2,Real Madrid,1.7
2018-03-10,Sevilla,1.6,Valencia,1.3
2018-03-10,Getafe,1.7,Levante,1.0
2018-03-10,Málaga,0.7,Barcelona,2.1
2018-03-11,Espanyol,2.2,Real Sociedad,0.8
2018-03-11,Atlético Madrid,1.2,Celta Vigo,1.2
2018-03-11,Las Palmas,1.1,Villarreal,2.6
2018-03-11,Athletic Club,0.9,Leganés,1.0
2018-03-12,Alavés,1.0,Betis,1.2
2018-03-16,Levante,1.5,Eibar,2.2
2018-03-17,La Coruña,1.5,Las Palmas,0.3
2018-03-17,Valencia,2.8,Alavés,1.2
2018-03-17,Real Sociedad,0.4,Getafe,0.8
2018-03-17,Betis,0.8,Espanyol,0.2
2018-03-18,Leganés,1.3,Sevilla,0.5
2018-03-18,Barcelona,2.4,Athletic Club,0.7
2018-03-18,Celta Vigo,1.6,Málaga,0.3
2018-03-18,Villarreal,1.3,Atlético Madrid,1.1
2018-03-18,Real Madrid,3.4,Girona,1.4
2018-03-31,Girona,0.8,Levante,1.8
2018-03-31,Athletic Club,1.7,Celta Vigo,0.5
2018-03-31,Las Palmas,0.9,Real Madrid,3.8
2018-03-31,Sevilla,2.6,Barcelona,1.7
2018-04-01,Espanyol,0.7,Alavés,0.7
2018-04-01,Leganés,0.8,Valencia,0.1
2018-04-01,Eibar,0.9,Real Sociedad,0.6
2018-04-01,Málaga,1.6,Villarreal,0.5
2018-04-01,Atlético Madrid,1.7,La Coruña,1.3
2018-04-02,Getafe,1.7,Betis,0.8
2018-04-06,La Coruña,2.4,Málaga,0.6
2018-04-07,Alavés,1.2,Getafe,0.9
2018-04-07,Celta Vigo,1.8,Sevilla,2.0
2018-04-07,Betis,1.8,Eibar,0.3
2018-04-07,Barcelona,2.4,Leganés,0.6
2018-04-08,Levante,1.8,Las Palmas,1.3
2018-04-08,Real Madrid,2.1,Atlético Madrid,1.1
2018-04-08,Real Sociedad,3.3,Girona,0.7
2018-04-08,Valencia,1.6,Espanyol,1.3
2018-04-09,Villarreal,0.6,Athletic Club,3.4
2018-04-13,Girona,0.7,Betis,1.2
2018-04-14,Sevilla,1.7,Villarreal,1.2
2018-04-14,Barcelona,1.7,Valencia,2.2
2018-04-14,Las Palmas,0.8,Real Sociedad,2.9
2018-04-14,Leganés,1.9,Celta Vigo,0.7
2018-04-14,Athletic Club,0.8,La Coruña,1.0
2018-04-15,Eibar,1.5,Alavés,0.1
2018-04-15,Atlético Madrid,0.9,Levante,0.5
2018-04-15,Getafe,0.7,Espanyol,0.6
2018-04-15,Málaga,1.5,Real Madrid,2.6
2018-04-17,La Coruña,1.7,Sevilla,2.1
2018-04-17,Celta Vigo,3.6,Barcelona,2.0
2018-04-17,Villarreal,1.0,Leganés,0.2
2018-04-18,Espanyol,0.6,Eibar,0.2
2018-04-18,Valencia,1.1,Getafe,0.6
2018-04-18,Real Madrid,1.7,Athletic Club,1.0
2018-04-19,Real Sociedad,0.9,Atlético Madrid,0.6
2018-04-19,Alavés,1.4,Girona,1.8
2018-04-19,Betis,1.5,Las Palmas,0.0
2018-04-19,Levante,1.6,Málaga,0.8
2018-04-20,Leganés,0.8,La Coruña,1.2
2018-04-21,Eibar,0.7,Getafe,0.6
2018-04-21,Celta Vigo,0.7,Valencia,2.3
2018-04-22,Girona,2.0,Espanyol,0.8
2018-04-22,Málaga,0.9,Real Sociedad,1.2
2018-04-22,Las Palmas,0.5,Alavés,1.5
2018-04-22,Atlético Madrid,1.4,Betis,0.6
2018-04-23,Athletic Club,1.8,Levante,1.9
2018-04-27,Levante,2.1,Sevilla,1.2
2018-04-28,Espanyol,2.0,Las Palmas,1.6
2018-04-28,Real Sociedad,1.3,Athletic Club,1.2
2018-04-28,Real Madrid,1.8,Leganés,2.6
2018-04-28,Villarreal,4.0,Celta Vigo,1.6
2018-04-29,Getafe,2.5,Girona,1.8
2018-04-29,Alavés,0.5,Atlético Madrid,2.6
2018-04-29,Valencia,0.8,Eibar,0.6
2018-04-29,La Coruña,2.3,Barcelona,3.6
2018-04-30,Betis,1.5,Málaga,0.8
2018-05-04,Sevilla,1.8,Real Sociedad,0.8
2018-05-05,Girona,1.7,Eibar,1.3
2018-05-05,Athletic Club,1.2,Betis,0.6
2018-05-05,Celta Vigo,1.1,La Coruña,0.9
2018-05-05,Villarreal,2.1,Valencia,0.5
2018-05-06,Málaga,2.0,Alavés,1.5
2018-05-06,Atlético Madrid,0.8,Espanyol,1.0
2018-05-06,Las Palmas,1.6,Getafe,1.3
2018-05-06,Barcelona,1.4,Real Madrid,2.0
2018-05-07,Leganés,1.3,Levante,1.2
2018-05-09,Barcelona,2.8,Villarreal,1.0
2018-05-09,Sevilla,1.8,Real Madrid,2.5
2018-05-12,Real Sociedad,2.7,Leganés,1.3
2018-05-12,Alavés,0.3,Athletic Club,1.3
2018-05-12,Eibar,0.9,Las Palmas,0.6
2018-05-12,La Coruña,2.4,Villarreal,2.7
2018-05-12,Betis,1.5,Sevilla,1.8
2018-05-12,Girona,0.8,Valencia,0.8
2018-05-12,Getafe,1.2,Atlético Madrid,0.8
2018-05-12,Real Madrid,1.3,Celta Vigo,0.2
2018-05-13,Espanyol,4.3,Málaga,1.9
2018-05-13,Levante,3.6,Barcelona,2.3
2018-05-19,Celta Vigo,4.1,Levante,0.3
2018-05-19,Leganés,1.4,Betis,2.2
2018-05-19,Las Palmas,1.2,Girona,1.4
2018-05-19,Málaga,1.2,Getafe,1.6
2018-05-19,Sevilla,2.0,Alavés,1.2
2018-05-19,Villarreal,1.3,Real Madrid,1.0
2018-05-20,Valencia,2.3,La Coruña,2.0
2018-05-20,Athletic Club,1.0,Espanyol,0.7
2018-05-20,Atlético Madrid,1.8,Eibar,0.9
2018-05-20,Barcelona,1.1,Real Sociedad,0.6
2018-08-17,Girona,0.7,Valladolid,0.0
2018-08-17,Betis,0.9,Levante,2.5
2018-08-18,Celta Vigo,0.6,Espanyol,0.6
2018-08-18,Villarreal,1.6,Real Sociedad,0.7
2018-08-18,Barcelona,3.2,Alavés,0.3
2018-08-19,Eibar,1.3,Huesca,1.7
2018-08-19,Rayo Vallecano,2.1,Sevilla,2.8
2018-08-19,Real Madrid,1.0,Getafe,0.2
2018-08-20,Valencia,1.1,Atlético Madrid,0.9
2018-08-20,Athletic Club,2.2,Leganés,1.0
2018-08-24,Getafe,1.4,Eibar,0.6
2018-08-24,Leganés,1.7,Real Sociedad,1.6
2018-08-25,Alavés,0.6,Betis,0.9
2018-08-25,Atlético Madrid,0.9,Rayo Vallecano,1.5
2018-08-25,Valladolid,0.4,Barcelona,1.0
2018-08-26,Espanyol,1.3,Valencia,1.9
2018-08-26,Girona,0.4,Real Madrid,3.9
2018-08-26,Sevilla,1.9,Villarreal,1.0
2018-08-27,Levante,1.9,Celta Vigo,2.5
2018-08-27,Athletic Club,0.6,Huesca,0.3
2018-08-31,Getafe,1.2,Valladolid,0.9
2018-08-31,Villarreal,1.1,Girona,1.0
2018-08-31,Eibar,1.0,Real Sociedad,1.3
2018-09-01,Celta Vigo,0.5,Atlético Madrid,0.4
2018-09-01,Real Madrid,2.5,Leganés,1.1
2018-09-02,Levante,1.6,Valencia,4.1
2018-09-02,Alavés,1.4,Espanyol,1.2
2018-09-02,Barcelona,5.3,Huesca,1.7
2018-09-02,Betis,0.9,Sevilla,0.6
2018-09-14,Huesca,1.7,Rayo Vallecano,1.2
2018-09-15,Atlético Madrid,2.3,Eibar,1.3
2018-09-15,Real Sociedad,1.4,Barcelona,1.4
2018-09-15,Valencia,1.0,Betis,1.0
2018-09-15,Athletic Club,1.4,Real Madrid,1.8
2018-09-16,Leganés,1.4,Villarreal,0.5
2018-09-16,Espanyol,1.6,Levante,0.8
2018-09-16,Valladolid,1.1,Alavés,0.8
2018-09-16,Sevilla,1.2,Getafe,1.9
2018-09-17,Girona,1.7,Celta Vigo,1.0
2018-09-21,Huesca,0.6,Real Sociedad,0.2
2018-09-22,Rayo Vallecano,1.5,Alavés,1.3
2018-09-22,Eibar,1.3,Leganés,0.3
2018-09-22,Celta Vigo,1.9,Valladolid,2.1
2018-09-22,Getafe,0.6,Atlético Madrid,1.1
2018-09-22,Real Madrid,1.0,Espanyol,0.4
2018-09-23,Levante,2.3,Sevilla,3.2
2018-09-23,Villarreal,0.7,Valencia,0.4
2018-09-23,Betis,1.1,Athletic Club,0.6
2018-09-23,Barcelona,1.4,Girona,1.5
2018-09-25,Espanyol,0.9,Eibar,0.3
2018-09-25,Real Sociedad,1.6,Rayo Vallecano,2.1
2018-09-25,Atlético Madrid,0.9,Huesca,0.9
2018-09-26,Leganés,1.1,Barcelona,0.4
2018-09-26,Athletic Club,0.8,Villarreal,2.5
2018-09-26,Sevilla,2.4,Real Madrid,1.5
2018-09-26,Valencia,1.1,Celta Vigo,0.4
2018-09-27,Alavés,1.7,Getafe,1.1
2018-09-27,Valladolid,1.0,Levante,0.8
2018-09-27,Girona,0.8,Betis,1.6
2018-09-28,Rayo Vallecano,1.3,Espanyol,1.5
2018-09-29,Real Sociedad,1.3,Valencia,0.9
2018-09-29,Barcelona,3.2,Athletic Club,0.9
2018-09-29,Eibar,0.8,Sevilla,2.0
2018-09-29,Real Madrid,1.2,Atlético Madrid,0.8
2018-09-30,Huesca,1.5,Girona,1.7
2018-09-30,Villarreal,2.8,Valladolid,0.8
2018-09-30,Levante,1.6,Alavés,0.9
2018-09-30,Betis,1.7,Leganés,0.5
2018-10-01,Celta Vigo,0.5,Getafe,1.2
2018-10-05,Athletic Club,1.4,Real Sociedad,2.2
2018-10-06,Girona,1.2,Eibar,1.7
2018-10-06,Getafe,1.1,Levante,1.0
2018-10-06,Alavés,1.1,Real Madrid,0.8
2018-10-06,Leganés,0.9,Rayo Vallecano,0.4
2018-10-07,Valladolid,0.8,Huesca,0.6
2018-10-07,Atlético Madrid,0.6,Betis,0.3
2018-10-07,Sevilla,1.8,Celta Vigo,0.7
2018-10-07,Espanyol,2.4,Villarreal,1.5
2018-10-07,Valencia,1.5,Barcelona,0.4
2018-10-19,Celta Vigo,0.9,Alavés,0.9
2018-10-20,Real Madrid,2.9,Levante,2.0
2018-10-20,Valencia,1.3,Leganés,1.0
2018-10-20,Villarreal,1.9,Atlético Madrid,1.4
2018-10-20,Barcelona,2.5,Sevilla,2.2
2018-10-21,Rayo Vallecano,0.4,Getafe,0.5
2018-10-21,Eibar,1.9,Athletic Club,0.7
2018-10-21,Huesca,0.4,Espanyol,1.7
2018-10-21,Betis,0.9,Valladolid,0.4
2018-10-22,Real Sociedad,0.6,Girona,0.9
2018-10-24,Rayo Vallecano,1.3,Athletic Club,1.3
2018-10-26,Valladolid,1.1,Espanyol,0.5
2018-10-27,Girona,2.4,Rayo Vallecano,1.6
2018-10-27,Athletic Club,0.7,Valencia,0.5
2018-10-27,Levante,1.3,Leganés,1.4
2018-10-27,Celta Vigo,0.8,Eibar,1.7
2018-10-27,Atlético Madrid,1.4,Real Sociedad,0.3
2018-10-28,Getafe,2.2,Betis,0.5
2018-10-28,Barcelona,3.0,Real Madrid,2.1
2018-10-28,Alavés,1.9,Villarreal,1.3
2018-10-28,Sevilla,1.7,Huesca,0.8
2018-11-03,Leganés,1.3,Atlético Madrid,0.4
2018-11-03,Real Madrid,2.2,Valladolid,0.9
2018-11-03,Valencia,2.3,Girona,0.3
2018-11-03,Rayo Vallecano,1.6,Barcelona,1.9
2018-11-04,Eibar,1.5,Alavés,0.6
2018-11-04,Villarreal,1.2,Levante,0.5
2018-11-04,Huesca,1.3,Getafe,0.5
2018-11-04,Real Sociedad,0.6,Sevilla,0.4
2018-11-04,Betis,1.7,Celta Vigo,2.1
2018-11-05,Espanyol,1.5,Athletic Club,0.5
2018-11-09,Levante,1.3,Real Sociedad,1.2
2018-11-10,Valladolid,0.5,Eibar,1.1
2018-11-10,Getafe,1.5,Valencia,2.2
2018-11-10,Atlético Madrid,1.1,Athletic Club,1.9
2018-11-10,Girona,0.4,Leganés,1.1
2018-11-11,Alavés,1.3,Huesca,0.9
2018-11-11,Barcelona,3.8,Betis,2.3
2018-11-11,Sevilla,4.1,Espanyol,0.8
2018-11-11,Rayo Vallecano,2.3,Villarreal,0.9
2018-11-11,Celta Vigo,0.9,Real Madrid,2.5
2018-11-23,Leganés,0.9,Alavés,0.4
2018-11-24,Eibar,2.8,Real Madrid,1.1
2018-11-24,Valencia,1.9,Rayo Vallecano,0.8
2018-11-24,Huesca,2.8,Levante,1.0
2018-11-24,Atlético Madrid,0.2,Barcelona,0.6
2018-11-25,Athletic Club,0.6,Getafe,2.0
2018-11-25,Sevilla,1.3,Valladolid,0.7
2018-11-25,Espanyol,2.4,Girona,2.2
2018-11-25,Villarreal,0.9,Betis,0.9
2018-11-26,Real Sociedad,1.9,Celta Vigo,0.5
2018-11-30,Rayo Vallecano,1.2,Eibar,1.0
2018-12-01,Celta Vigo,2.3,Huesca,1.2
2018-12-01,Valladolid,1.7,Leganés,1.7
2018-12-01,Getafe,1.4,Espanyol,1.1
2018-12-01,Real Madrid,0.8,Valencia,0.8
2018-12-02,Betis,1.3,Real Sociedad,1.3
2018-12-02,Girona,1.5,Atlético Madrid,1.6
2018-12-02,Barcelona,1.0,Villarreal,1.1
2018-12-02,Alavés,1.0,Sevilla,1.7
2018-12-03,Levante,1.9,Athletic Club,1.1
2018-12-07,Leganés,1.7,Getafe,0.9
2018-12-08,Atlético Madrid,2.7,Alavés,1.4
2018-12-08,Valencia,1.2,Sevilla,1.7
2018-12-08,Villarreal,1.6,Celta Vigo,2.0
2018-12-08,Espanyol,1.1,Barcelona,2.9
2018-12-09,Eibar,4.2,Levante,2.2
2018-12-09,Huesca,1.2,Real Madrid,0.4
2018-12-09,Real Sociedad,2.4,Valladolid,1.0
2018-12-09,Betis,1.7,Rayo Vallecano,1.2
2018-12-10,Athletic Club,2.1,Girona,0.2
2018-12-14,Celta Vigo,1.2,Leganés,0.7
2018-12-15,Getafe,0.4,Real Sociedad,0.8
2018-12-15,Valladolid,0.8,Atlético Madrid,1.9
2018-12-15,Real Madrid,1.2,Rayo Vallecano,0.7
2018-12-15,Eibar,1.6,Valencia,2.1
2018-12-16,Sevilla,2.1,Girona,1.0
2018-12-16,Espanyol,0.6,Betis,1.7
2018-12-16,Huesca,4.2,Villarreal,1.7
2018-12-16,Levante,1.0,Barcelona,3.7
2018-12-17,Alavés,0.5,Athletic Club,0.3
2018-12-21,Girona,1.4,Getafe,0.6
2018-12-21,Real Sociedad,1.1,Alavés,0.8
2018-12-22,Betis,1.5,Eibar,2.3
2018-12-22,Atlético Madrid,1.0,Espanyol,0.8
2018-12-22,Barcelona,1.4,Celta Vigo,0.6
2018-12-22,Athletic Club,1.1,Valladolid,0.6
2018-12-23,Valencia,3.2,Huesca,2.3
2018-12-23,Leganés,1.3,Sevilla,0.7
2018-12-23,Rayo Vallecano,2.5,Levante,1.0
2019-01-03,Villarreal,1.2,Real Madrid,1.6
2019-01-04,Levante,1.6,Girona,1.4
2019-01-04,Espanyol,1.3,Leganés,0.4
2019-01-05,Valladolid,1.8,Rayo Vallecano,1.0
2019-01-05,Alavés,1.9,Valencia,1.1
2019-01-05,Huesca,1.5,Betis,1.1
2019-01-06,Eibar,1.8,Villarreal,1.2
2019-01-06,Sevilla,1.4,Atlético Madrid,0.7
2019-01-06,Real Madrid,2.6,Real Sociedad,2.3
2019-01-06,Getafe,1.2,Barcelona,1.5
2019-01-07,Celta Vigo,1.5,Athletic Club,1.8
2019-01-11,Rayo Vallecano,2.0,Celta Vigo,1.3
2019-01-12,Leganés,2.0,Huesca,0.5
2019-01-12,Valencia,3.5,Valladolid,0.2
2019-01-12,Girona,0.6,Alavés,1.1
2019-01-12,Villarreal,2.3,Getafe,0.9
2019-01-13,Atlético Madrid,2.5,Levante,0.7
2019-01-13,Athletic Club,0.9,Sevilla,0.7
2019-01-13,Barcelona,1.1,Eibar,0.9
2019-01-13,Betis,0.8,Real Madrid,0.7
2019-01-14,Real Sociedad,2.6,Espanyol,2.1
2019-01-18,Getafe,2.0,Alavés,0.4
2019-01-19,Real Madrid,1.5,Sevilla,0.5
2019-01-19,Huesca,1.3,Atlético Madrid,2.5
2019-01-19,Celta Vigo,0.8,Valencia,1.2
2019-01-20,Betis,1.4,Girona,0.8
2019-01-20,Villarreal,1.1,Athletic Club,0.5
2019-01-20,Levante,1.5,Valladolid,1.5
2019-01-20,Rayo Vallecano,0.9,Real Sociedad,1.6
2019-01-20,Barcelona,1.8,Leganés,0.9
2019-01-21,Eibar,1.6,Espanyol,0.9
2019-01-26,Sevilla,4.6,Levante,0.9
2019-01-26,Atlético Madrid,1.1,Getafe,0.3
2019-01-26,Leganés,0.7,Eibar,0.2
2019-01-26,Valencia,1.5,Villarreal,0.7
2019-01-27,Valladolid,1.6,Celta Vigo,1.0
2019-01-27,Girona,1.3,Barcelona,2.2
2019-01-27,Real Sociedad,0.4,Huesca,0.4
2019-01-27,Athletic Club,1.1,Betis,0.4
2019-01-27,Espanyol,1.1,Real Madrid,2.1
2019-01-28,Alavés,1.0,Rayo Vallecano,1.0
2019-02-01,Huesca,1.9,Valladolid,0.5
2019-02-02,Levante,0.6,Getafe,0.4
2019-02-02,Real Sociedad,1.5,Athletic Club,1.4
2019-02-02,Barcelona,2.0,Valencia,3.3
2019-02-02,Celta Vigo,1.0,Sevilla,0.9
2019-02-03,Villarreal,2.8,Espanyol,1.6
2019-02-03,Betis,1.0,Atlético Madrid,0.7
2019-02-03,Eibar,1.7,Girona,0.2
2019-02-03,Real Madrid,2.5,Alavés,0.6
2019-02-04,Rayo Vallecano,1.7,Leganés,1.3
2019-02-08,Valladolid,0.6,Villarreal,1.2
2019-02-09,Getafe,2.7,Celta Vigo,0.9
2019-02-09,Atlético Madrid,1.1,Real Madrid,1.6
2019-02-09,Espanyol,2.0,Rayo Vallecano,0.6
2019-02-09,Girona,1.4,Huesca,0.6
2019-02-10,Leganés,1.6,Betis,0.1
2019-02-10,Valencia,1.5,Real Sociedad,0.5
2019-02-10,Sevilla,1.7,Eibar,1.3
2019-02-10,Athletic Club,1.3,Barcelona,0.7
2019-02-11,Alavés,1.7,Levante,0.3
2019-02-15,Eibar,1.8,Getafe,0.7
2019-02-16,Celta Vigo,1.6,Levante,2.8
2019-02-16,Rayo Vallecano,1.0,Atlético Madrid,0.2
2019-02-16,Real Sociedad,1.7,Leganés,1.2
2019-02-16,Barcelona,3.7,Valladolid,0.4
2019-02-17,Real Madrid,1.8,Girona,2.6
2019-02-17,Valencia,1.7,Espanyol,0.4
2019-02-17,Villarreal,1.6,Sevilla,2.6
2019-02-17,Betis,3.1,Alavés,1.2
2019-02-18,Huesca,1.2,Athletic Club,1.4
2019-02-22,Espanyol,0.8,Huesca,0.8
2019-02-23,Getafe,1.3,Rayo Vallecano,0.8
2019-02-23,Sevilla,1.6,Barcelona,1.8
2019-02-23,Alavés,1.4,Celta Vigo,0.5
2019-02-23,Athletic Club,1.3,Eibar,0.6
2019-02-24,Leganés,1.8,Valencia,0.5
2019-02-24,Atlético Madrid,1.2,Villarreal,1.2
2019-02-24,Valladolid,0.6,Betis,0.8
2019-02-24,Levante,1.2,Real Madrid,2.7
2019-02-25,Girona,1.0,Real Sociedad,0.5
2019-03-01,Rayo Vallecano,0.8,Girona,1.3
2019-03-02,Espanyol,2.6,Valladolid,1.5
2019-03-02,Villarreal,1.2,Alavés,1.4
2019-03-02,Huesca,1.0,Sevilla,2.3
2019-03-02,Real Madrid,0.9,Barcelona,1.1
2019-03-03,Eibar,2.5,Celta Vigo,0.5
2019-03-03,Betis,0.6,Getafe,1.6
2019-03-03,Real Sociedad,0.9,Atlético Madrid,1.4
2019-03-03,Valencia,1.3,Athletic Club,0.4
2019-03-04,Leganés,1.9,Levante,1.5
2019-03-08,Athletic Club,0.8,Espanyol,0.8
2019-03-09,Alavés,2.0,Eibar,2.4
2019-03-09,Atlético Madrid,1.3,Leganés,0.1
2019-03-09,Barcelona,2.4,Rayo Vallecano,0.4
2019-03-09,Getafe,1.4,Huesca,0.9
2019-03-10,Celta Vigo,0.4,Betis,1.2
2019-03-10,Girona,2.3,Valencia,1.2
2019-03-10,Levante,1.1,Villarreal,1.0
2019-03-10,Sevilla,2.4,Real Sociedad,1.2
2019-03-10,Valladolid,2.2,Real Madrid,2.8
2019-03-15,Real Sociedad,2.9,Levante,1.3
2019-03-16,Huesca,1.5,Alavés,2.3
2019-03-16,Real Madrid,2.5,Celta Vigo,0.4
2019-03-16,Athletic Club,1.3,Atlético Madrid,0.9
2019-03-16,Leganés,0.6,Girona,1.5
2019-03-17,Eibar,2.1,Valladolid,2.4
2019-03-17,Espanyol,0.7,Sevilla,1.5
2019-03-17,Villarreal,2.5,Rayo Vallecano,0.2
2019-03-17,Valencia,0.6,Getafe,0.5
2019-03-17,Betis,1.2,Barcelona,3.0
2019-03-29,Girona,0.4,Athletic Club,1.0
2019-03-30,Getafe,0.6,Leganés,1.3
2019-03-30,Barcelona,1.3,Espanyol,0.2
2019-03-30,Celta Vigo,1.8,Villarreal,2.5
2019-03-30,Alavés,0.8,Atlético Madrid,1.5
2019-03-31,Levante,1.0,Eibar,2.3
2019-03-31,Rayo Vallecano,2.2,Betis,0.6
2019-03-31,Sevilla,0.9,Valencia,1.0
2019-03-31,Valladolid,2.5,Real Sociedad,0.9
2019-03-31,Real Madrid,4.1,Huesca,1.7
2019-04-02,Atlético Madrid,2.5,Girona,0.8
2019-04-02,Espanyol,1.7,Getafe,1.5
2019-04-02,Villarreal,2.2,Barcelona,2.7
2019-04-03,Athletic Club,1.8,Levante,1.5
2019-04-03,Huesca,3.3,Celta Vigo,2.0
2019-04-03,Eibar,1.6,Rayo Vallecano,0.9
2019-04-03,Valencia,1.8,Real Madrid,0.8
2019-04-04,Sevilla,1.9,Alavés,0.6
2019-04-04,Leganés,1.7,Valladolid,0.8
2019-04-04,Real Sociedad,2.5,Betis,1.3
2019-04-06,Girona,1.5,Espanyol,0.4
2019-04-06,Real Madrid,1.6,Eibar,0.8
2019-04-06,Rayo Vallecano,1.5,Valencia,2.3
2019-04-06,Barcelona,2.6,Atlético Madrid,0.8
2019-04-07,Alavés,0.9,Leganés,0.9
2019-04-07,Getafe,1.3,Athletic Club,0.7
2019-04-07,Valladolid,1.4,Sevilla,2.1
2019-04-07,Levante,2.4,Huesca,1.3
2019-04-07,Celta Vigo,3.0,Real Sociedad,1.4
2019-04-07,Betis,1.8,Villarreal,1.5
2019-04-13,Espanyol,0.5,Alavés,1.4
2019-04-13,Huesca,0.2,Barcelona,1.1
2019-04-13,Atlético Madrid,1.5,Celta Vigo,0.5
2019-04-13,Sevilla,2.0,Betis,1.0
2019-04-14,Valladolid,1.5,Getafe,1.6
2019-04-14,Athletic Club,2.7,Rayo Vallecano,1.0
2019-04-14,Real Sociedad,0.4,Eibar,1.5
2019-04-14,Girona,1.3,Villarreal,1.4
2019-04-14,Valencia,2.4,Levante,0.3
2019-04-15,Leganés,0.6,Real Madrid,1.2
2019-04-19,Alavés,1.3,Valladolid,2.0
2019-04-20,Celta Vigo,1.8,Girona,0.4
2019-04-20,Eibar,0.6,Atlético Madrid,1.3
2019-04-20,Rayo Vallecano,1.2,Huesca,1.1
2019-04-20,Barcelona,1.1,Real Sociedad,1.5
2019-04-21,Levante,1.8,Espanyol,2.1
2019-04-21,Getafe,2.9,Sevilla,0.7
2019-04-21,Real Madrid,1.9,Athletic Club,0.5
2019-04-21,Villarreal,1.0,Leganés,1.2
2019-04-21,Betis,2.1,Valencia,0.2
2019-04-23,Huesca,1.0,Eibar,0.8
2019-04-23,Valladolid,0.9,Girona,0.6
2019-04-23,Alavés,0.3,Barcelona,2.5
2019-04-24,Atlético Madrid,1.6,Valencia,2.1
2019-04-24,Espanyol,2.2,Celta Vigo,2.7
2019-04-24,Leganés,0.6,Athletic Club,0.6
2019-04-24,Levante,1.4,Betis,0.4
2019-04-25,Sevilla,3.8,Rayo Vallecano,0.9
2019-04-25,Real Sociedad,0.8,Villarreal,0.7
2019-04-25,Getafe,0.6,Real Madrid,1.8
2019-04-27,Athletic Club,1.3,Alavés,1.3
2019-04-27,Atlético Madrid,0.7,Valladolid,0.7
2019-04-27,Leganés,0.5,Celta Vigo,0.3
2019-04-27,Barcelona,2.1,Levante,1.0
2019-04-28,Valencia,0.5,Eibar,1.3
2019-04-28,Girona,1.0,Sevilla,0.6
2019-04-28,Real Sociedad,2.4,Getafe,0.6
2019-04-28,Villarreal,1.0,Huesca,1.4
2019-04-28,Rayo Vallecano,1.8,Real Madrid,0.5
2019-04-29,Betis,1.4,Espanyol,1.1
2019-05-03,Sevilla,0.3,Leganés,0.9
2019-05-04,Levante,2.8,Rayo Vallecano,1.7
2019-05-04,Espanyol,1.6,Atlético Madrid,0.7
2019-05-04,Alavés,0.8,Real Sociedad,0.8
2019-05-04,Celta Vigo,1.9,Barcelona,0.5
2019-05-05,Getafe,2.0,Girona,0.7
2019-05-05,Eibar,0.7,Betis,2.1
2019-05-05,Real Madrid,2.7,Villarreal,0.7
2019-05-05,Valladolid,0.8,Athletic Club,1.6
2019-05-05,Huesca,3.1,Valencia,2.4
2019-05-12,Betis,2.2,Huesca,1.3
2019-05-12,Barcelona,2.4,Getafe,1.2
2019-05-12,Girona,1.9,Levante,0.7
2019-05-12,Valencia,1.9,Alavés,0.8
2019-05-12,Villarreal,1.5,Eibar,0.3
2019-05-12,Leganés,0.7,Espanyol,3.3
2019-05-12,Athletic Club,2.1,Celta Vigo,1.1
2019-05-12,Rayo Vallecano,1.9,Valladolid,1.4
2019-05-12,Atlético Madrid,1.3,Sevilla,0.8
2019-05-12,Real Sociedad,2.1,Real Madrid,0.9
2019-05-18,Levante,2.7,Atlético Madrid,1.9
2019-05-18,Getafe,2.3,Villarreal,1.0
2019-05-18,Espanyol,1.4,Real Sociedad,0.4
2019-05-18,Sevilla,1.5,Athletic Club,0.7
2019-05-18,Valladolid,0.8,Valencia,1.5
2019-05-18,Celta Vigo,2.1,Rayo Vallecano,1.4
2019-05-18,Huesca,0.9,Leganés,0.9
2019-05-18,Alavés,1.3,Girona,1.0
2019-05-19,Real Madrid,0.9,Betis,1.3
2019-05-19,Eibar,1.5,Barcelona,1.1
2019-08-16,Athletic Club,0.5,Barcelona,0.9
2019-08-17,Celta Vigo,1.6,Real Madrid,2.1
2019-08-17,Valencia,2.3,Real Sociedad,1.8
2019-08-17,Mallorca,1.6,Eibar,0.7
2019-08-17,Leganés,1.4,Osasuna,0.2
2019-08-17,Villarreal,1.9,Granada,1.9
2019-08-18,Alavés,0.5,Levante,1.1
2019-08-18,Espanyol,0.2,Sevilla,1.6
2019-08-18,Betis,1.5,Valladolid,0.7
2019-08-18,Atlético Madrid,2.2,Getafe,0.3
2019-08-23,Granada,0.5,Sevilla,1.1
2019-08-23,Levante,2.1,Villarreal,3.0
2019-08-24,Osasuna,0.5,Eibar,0.8
2019-08-24,Real Madrid,1.7,Valladolid,1.2
2019-08-24,Getafe,0.3,Athletic Club,0.5
2019-08-24,Celta Vigo,1.9,Valencia,1.0
2019-08-25,Alavés,0.8,Espanyol,0.2
2019-08-25,Mallorca,1.0,Real Sociedad,1.6
2019-08-25,Leganés,0.4,Atlético Madrid,1.8
2019-08-25,Barcelona,2.6,Betis,0.2
2019-08-30,Sevilla,1.5,Celta Vigo,0.4
2019-08-30,Athletic Club,1.0,Real Sociedad,0.2
2019-08-31,Osasuna,1.8,Barcelona,0.4
2019-08-31,Levante,2.7,Valladolid,1.1
2019-08-31,Getafe,1.0,Alavés,1.0
2019-08-31,Betis,2.1,Leganés,1.4
2019-09-01,Valencia,2.3,Mallorca,1.2
2019-09-01,Atlético Madrid,1.5,Eibar,0.9
2019-09-01,Espanyol,1.4,Granada,1.4
2019-09-01,Villarreal,1.4,Real Madrid,1.9
2019-09-13,Mallorca,1.8,Athletic Club,1.5
2019-09-14,Real Madrid,2.9,Levante,1.2
2019-09-14,Leganés,0.4,Villarreal,1.6
2019-09-14,Real Sociedad,2.1,Atlético Madrid,1.2
2019-09-14,Barcelona,2.4,Valencia,1.5
2019-09-15,Eibar,0.7,Espanyol,1.8
2019-09-15,Alavés,0.8,Sevilla,1.1
2019-09-15,Celta Vigo,0.3,Granada,1.2
2019-09-15,Valladolid,0.7,Osasuna,2.5
2019-09-15,Betis,1.1,Getafe,1.5
2019-09-20,Osasuna,2.1,Betis,0.4
2019-09-21,Villarreal,2.1,Valladolid,0.4
2019-09-21,Levante,1.5,Eibar,1.4
2019-09-21,Atlético Madrid,1.7,Celta Vigo,0.6
2019-09-21,Granada,1.9,Barcelona,0.5
2019-09-22,Getafe,2.1,Mallorca,0.8
2019-09-22,Espanyol,0.9,Real Sociedad,1.3
2019-09-22,Valencia,1.5,Leganés,1.2
2019-09-22,Athletic Club,2.4,Alavés,0.2
2019-09-22,Sevilla,0.5,Real Madrid,1.2
2019-09-24,Valladolid,1.4,Granada,0.6
2019-09-24,Betis,2.9,Levante,1.5
2019-09-24,Barcelona,0.5,Villarreal,0.6
2019-09-25,Mallorca,0.5,Atlético Madrid,1.0
2019-09-25,Leganés,0.5,Athletic Club,1.2
2019-09-25,Valencia,1.2,Getafe,2.0
2019-09-25,Real Madrid,1.6,Osasuna,0.2
2019-09-26,Eibar,1.5,Sevilla,1.4
2019-09-26,Celta Vigo,1.1,Espanyol,1.2
2019-09-26,Real Sociedad,3.8,Alavés,0.3
2019-09-27,Villarreal,3.2,Betis,0.7
2019-09-28,Athletic Club,1.4,Valencia,1.8
2019-09-28,Getafe,1.0,Barcelona,1.3
2019-09-28,Granada,0.7,Leganés,1.2
2019-09-28,Atlético Madrid,0.9,Real Madrid,0.4
2019-09-29,Espanyol,1.3,Valladolid,1.8
2019-09-29,Eibar,1.1,Celta Vigo,0.9
2019-09-29,Alavés,2.1,Mallorca,0.2
2019-09-29,Levante,1.6,Osasuna,1.1
2019-09-29,Sevilla,1.7,Real Sociedad,0.8
2019-10-04,Betis,1.9,Eibar,1.2
2019-10-05,Leganés,2.8,Levante,1.2
2019-10-05,Real Madrid,2.6,Granada,1.6
2019-10-05,Valencia,1.3,Alavés,1.7
2019-10-05,Osasuna,1.3,Villarreal,2.4
2019-10-06,Mallorca,0.8,Espanyol,1.2
2019-10-06,Celta Vigo,1.2,Athletic Club,0.2
2019-10-06,Valladolid,1.0,Atlético Madrid,0.8
2019-10-06,Real Sociedad,0.6,Getafe,0.9
2019-10-06,Barcelona,2.1,Sevilla,2.5
2019-10-18,Granada,0.6,Osasuna,0.6
2019-10-19,Eibar,0.3,Barcelona,1.5
2019-10-19,Atlético Madrid,1.6,Valencia,0.7
2019-10-19,Getafe,1.0,Leganés,0.6
2019-10-19,Mallorca,0.2,Real Madrid,1.0
2019-10-20,Alavés,2.1,Celta Vigo,1.3
2019-10-20,Real Sociedad,1.4,Betis,1.0
2019-10-20,Espanyol,1.0,Villarreal,1.6
2019-10-20,Athletic Club,1.5,Valladolid,0.7
2019-10-20,Sevilla,2.7,Levante,0.5
2019-10-25,Villarreal,2.5,Alavés,0.8
2019-10-26,Leganés,1.7,Mallorca,0.8
2019-10-26,Valladolid,1.7,Eibar,0.6
2019-10-26,Atlético Madrid,1.5,Athletic Club,0.4
2019-10-27,Celta Vigo,0.9,Real Sociedad,0.8
2019-10-27,Granada,1.6,Betis,0.7
2019-10-27,Levante,0.3,Espanyol,1.0
2019-10-27,Sevilla,2.0,Getafe,0.7
2019-10-27,Osasuna,2.8,Valencia,0.9
2019-10-29,Alavés,0.6,Atlético Madrid,1.7
2019-10-29,Barcelona,2.7,Valladolid,1.1
2019-10-30,Valencia,0.8,Sevilla,0.6
2019-10-30,Real Sociedad,1.6,Levante,1.8
2019-10-30,Athletic Club,0.3,Espanyol,0.9
2019-10-30,Betis,1.0,Celta Vigo,1.7
2019-10-30,Real Madrid,4.8,Leganés,0.3
2019-10-31,Mallorca,2.4,Osasuna,1.0
2019-10-31,Eibar,2.4,Villarreal,1.5
2019-10-31,Getafe,0.8,Granada,1.7
2019-11-02,Espanyol,1.3,Valencia,1.9
2019-11-02,Levante,1.0,Barcelona,2.3
2019-11-02,Sevilla,0.7,Atlético Madrid,2.8
2019-11-02,Real Madrid,2.8,Betis,0.5
2019-11-03,Valladolid,2.0,Mallorca,0.7
2019-11-03,Villarreal,0.8,Athletic Club,0.9
2019-11-03,Osasuna,3.7,Alavés,1.5
2019-11-03,Celta Vigo,0.2,Getafe,0.4
2019-11-03,Leganés,1.4,Eibar,0.9
2019-11-03,Granada,0.2,Real Sociedad,1.0
2019-11-08,Real Sociedad,1.1,Leganés,1.0
2019-11-09,Alavés,3.4,Valladolid,0.3
2019-11-09,Valencia,0.7,Granada,0.5
2019-11-09,Eibar,1.0,Real Madrid,2.9
2019-11-09,Barcelona,1.4,Celta Vigo,0.4
2019-11-10,Mallorca,1.7,Villarreal,3.2
2019-11-10,Athletic Club,1.6,Levante,0.6
2019-11-10,Atlético Madrid,2.7,Espanyol,0.4
2019-11-10,Getafe,1.3,Osasuna,0.1
2019-11-10,Betis,1.9,Sevilla,0.9
2019-11-22,Levante,1.8,Mallorca,1.7
2019-11-23,Leganés,0.4,Barcelona,1.7
2019-11-23,Betis,1.7,Valencia,1.0
2019-11-23,Granada,0.7,Atlético Madrid,2.3
2019-11-23,Real Madrid,1.4,Real Sociedad,1.6
2019-11-24,Espanyol,1.1,Getafe,0.7
2019-11-24,Osasuna,1.3,Athletic Club,1.1
2019-11-24,Eibar,1.4,Alavés,1.6
2019-11-24,Villarreal,1.2,Celta Vigo,1.9
2019-11-24,Valladolid,0.5,Sevilla,1.4
2019-11-29,Celta Vigo,1.1,Valladolid,0.4
2019-11-30,Alavés,1.3,Real Madrid,1.8
2019-11-30,Real Sociedad,1.1,Eibar,0.6
2019-11-30,Mallorca,2.8,Betis,2.2
2019-11-30,Valencia,1.5,Villarreal,2.1
2019-12-01,Sevilla,2.1,Leganés,0.7
2019-12-01,Athletic Club,1.9,Granada,1.0
2019-12-01,Espanyol,1.6,Osasuna,2.7
2019-12-01,Getafe,1.8,Levante,0.6
2019-12-01,Atlético Madrid,1.4,Barcelona,0.9
2019-12-06,Villarreal,1.5,Atlético Madrid,1.6
2019-12-07,Real Madrid,2.4,Espanyol,0.5
2019-12-07,Granada,2.5,Alavés,0.3
2019-12-07,Levante,2.1,Valencia,3.0
2019-12-07,Barcelona,3.7,Mallorca,1.3
2019-12-08,Eibar,0.3,Getafe,0.9
2019-12-08,Betis,2.0,Athletic Club,1.0
2019-12-08,Valladolid,0.6,Real Sociedad,1.7
2019-12-08,Leganés,1.0,Celta Vigo,0.5
2019-12-08,Osasuna,0.8,Sevilla,1.5
2019-12-13,Alavés,1.2,Leganés,0.7
2019-12-14,Granada,1.2,Levante,1.0
2019-12-14,Real Sociedad,2.7,Barcelona,1.2
2019-12-14,Athletic Club,0.9,Eibar,0.4
2019-12-14,Atlético Madrid,2.5,Osasuna,0.7
2019-12-15,Getafe,1.5,Valladolid,0.5
2019-12-15,Celta Vigo,2.2,Mallorca,1.6
2019-12-15,Espanyol,1.4,Betis,0.9
2019-12-15,Sevilla,1.7,Villarreal,1.5
2019-12-15,Valencia,2.3,Real Madrid,1.7
2019-12-18,Barcelona,0.9,Real Madrid,0.8
2019-12-20,Eibar,1.9,Granada,1.7
2019-12-21,Mallorca,0.8,Sevilla,1.6
2019-12-21,Barcelona,1.3,Alavés,0.4
2019-12-21,Villarreal,2.3,Getafe,0.6
2019-12-21,Valladolid,0.8,Valencia,1.2
2019-12-22,Leganés,1.0,Espanyol,0.7
2019-12-22,Osasuna,3.4,Real Sociedad,2.2
2019-12-22,Betis,1.1,Atlético Madrid,1.6
2019-12-22,Levante,2.7,Celta Vigo,0.9
2019-12-22,Real Madrid,2.5,Athletic Club,0.4
2020-01-03,Valladolid,1.8,Leganés,2.3
2020-01-03,Sevilla,1.3,Athletic Club,0.2
2020-01-04,Valencia,1.0,Eibar,1.0
2020-01-04,Getafe,1.3,Real Madrid,1.8
2020-01-04,Atlético Madrid,1.2,Levante,0.9
2020-01-04,Espanyol,0.7,Barcelona,2.2
2020-01-05,Granada,1.3,Mallorca,1.1
2020-01-05,Real Sociedad,0.9,Villarreal,1.4
2020-01-05,Alavés,0.3,Betis,1.9
2020-01-05,Celta Vigo,1.6,Osasuna,0.7
2020-01-17,Leganés,0.4,Getafe,1.3
2020-01-18,Levante,1.2,Alavés,2.1
2020-01-18,Real Madrid,1.3,Sevilla,0.4
2020-01-18,Osasuna,1.9,Valladolid,0.5
2020-01-18,Eibar,0.8,Atlético Madrid,1.1
2020-01-19,Mallorca,1.9,Valencia,0.4
2020-01-19,Betis,1.8,Real Sociedad,0.3
2020-01-19,Villarreal,2.4,Espanyol,1.7
2020-01-19,Athletic Club,3.7,Celta Vigo,0.7
2020-01-19,Barcelona,1.2,Granada,0.2
2020-01-24,Osasuna,1.9,Levante,0.6
2020-01-25,Espanyol,0.6,Athletic Club,0.8
2020-01-25,Valencia,1.2,Barcelona,1.1
2020-01-25,Alavés,0.9,Villarreal,1.0
2020-01-25,Sevilla,0.8,Granada,0.6
2020-01-26,Atlético Madrid,1.0,Leganés,0.4
2020-01-26,Celta Vigo,1.1,Eibar,0.2
2020-01-26,Getafe,1.4,Betis,1.3
2020-01-26,Real Sociedad,2.5,Mallorca,0.5
2020-01-26,Valladolid,0.3,Real Madrid,0.6
2020-02-01,Granada,1.0,Espanyol,3.0
2020-02-01,Real Madrid,1.1,Atlético Madrid,0.4
2020-02-01,Mallorca,0.6,Valladolid,1.2
2020-02-01,Valencia,1.0,Celta Vigo,1.3
2020-02-02,Leganés,1.2,Real Sociedad,0.2
2020-02-02,Eibar,2.2,Betis,1.2
2020-02-02,Athletic Club,0.9,Getafe,1.7
2020-02-02,Villarreal,2.1,Osasuna,0.9
2020-02-02,Sevilla,1.7,Alavés,0.7
2020-02-02,Barcelona,3.4,Levante,1.4
2020-02-07,Alavés,1.3,Eibar,0.1
2020-02-08,Levante,1.0,Leganés,1.2
2020-02-08,Getafe,2.9,Valencia,0.3
2020-02-08,Valladolid,0.6,Villarreal,1.3
2020-02-08,Atlético Madrid,0.6,Granada,0.9
2020-02-09,Espanyol,1.6,Mallorca,0.6
2020-02-09,Real Sociedad,2.2,Athletic Club,0.8
2020-02-09,Osasuna,0.9,Real Madrid,2.6
2020-02-09,Celta Vigo,1.6,Sevilla,1.2
2020-02-09,Betis,1.0,Barcelona,1.7
2020-02-14,Valencia,1.3,Atlético Madrid,1.2
2020-02-15,Mallorca,2.1,Alavés,0.9
2020-02-15,Barcelona,1.8,Getafe,1.3
2020-02-15,Villarreal,0.7,Levante,1.5
2020-02-15,Granada,2.5,Valladolid,0.7
2020-02-16,Sevilla,1.8,Espanyol,0.5
2020-02-16,Leganés,0.6,Betis,0.6
2020-02-16,Athletic Club,0.8,Osasuna,0.6
2020-02-16,Real Madrid,2.0,Celta Vigo,1.0
2020-02-21,Betis,3.3,Mallorca,0.9
2020-02-22,Celta Vigo,0.2,Leganés,0.4
2020-02-22,Barcelona,4.3,Eibar,0.5
2020-02-22,Real Sociedad,1.8,Valencia,0.3
2020-02-22,Levante,0.7,Real Madrid,1.9
2020-02-23,Osasuna,0.9,Granada,1.3
2020-02-23,Alavés,1.8,Athletic Club,0.8
2020-02-23,Valladolid,1.1,Espanyol,1.2
2020-02-23,Getafe,0.5,Sevilla,2.5
2020-02-23,Atlético Madrid,1.7,Villarreal,0.4
2020-02-28,Real Sociedad,2.0,Valladolid,0.8
2020-02-29,Eibar,2.7,Levante,0.7
2020-02-29,Valencia,1.0,Betis,1.0
2020-02-29,Leganés,1.1,Alavés,0.9
2020-02-29,Granada,1.0,Celta Vigo,0.3
2020-03-01,Sevilla,2.4,Osasuna,1.7
2020-03-01,Athletic Club,2.6,Villarreal,1.0
2020-03-01,Espanyol,1.2,Atlético Madrid,0.9
2020-03-01,Mallorca,0.1,Getafe,0.9
2020-03-01,Real Madrid,1.1,Barcelona,1.5
2020-03-06,Alavés,1.0,Valencia,0.7
2020-03-07,Eibar,0.9,Mallorca,0.8
2020-03-07,Atlético Madrid,2.0,Sevilla,1.7
2020-03-07,Barcelona,2.2,Real Sociedad,0.5
2020-03-07,Getafe,1.1,Celta Vigo,0.2
2020-03-08,Osasuna,2.4,Espanyol,0.3
2020-03-08,Valladolid,2.1,Athletic Club,1.1
2020-03-08,Levante,0.9,Granada,1.2
2020-03-08,Villarreal,2.1,Leganés,1.9
2020-03-08,Betis,1.3,Real Madrid,2.1
2020-03-10,Eibar,2.0,Real Sociedad,1.2
2020-06-11,Sevilla,1.7,Betis,0.5
2020-06-12,Granada,2.3,Getafe,0.6
2020-06-12,Valencia,1.0,Levante,1.4
2020-06-13,Espanyol,2.5,Alavés,0.1
2020-06-13,Celta Vigo,0.2,Villarreal,1.7
2020-06-13,Leganés,1.4,Valladolid,1.0
2020-06-13,Mallorca,1.1,Barcelona,2.2
2020-06-14,Athletic Club,0.4,Atlético Madrid,1.3
2020-06-14,Real Madrid,1.0,Eibar,0.5
2020-06-14,Real Sociedad,1.0,Osasuna,1.1
2020-06-15,Levante,0.9,Sevilla,0.9
2020-06-15,Betis,1.7,Granada,1.0
2020-06-16,Getafe,2.1,Espanyol,0.3
2020-06-16,Villarreal,1.5,Mallorca,1.6
2020-06-16,Barcelona,1.6,Leganés,0.8
2020-06-17,Eibar,2.1,Athletic Club,1.4
2020-06-17,Valladolid,0.4,Celta Vigo,1.1
2020-06-17,Osasuna,1.0,Atlético Madrid,1.7
2020-06-18,Alavés,1.5,Real Sociedad,0.5
2020-06-18,Real Madrid,1.9,Valencia,0.2
2020-06-19,Granada,1.0,Villarreal,0.5
2020-06-19,Mallorca,0.4,Leganés,1.3
2020-06-19,Sevilla,0.8,Barcelona,0.8
2020-06-20,Espanyol,0.6,Levante,1.9
2020-06-20,Athletic Club,1.7,Betis,1.8
2020-06-20,Getafe,0.8,Eibar,0.6
2020-06-20,Atlético Madrid,1.1,Valladolid,0.3
2020-06-21,Celta Vigo,2.9,Alavés,0.2
2020-06-21,Valencia,1.5,Osasuna,1.5
2020-06-21,Real Sociedad,0.4,Real Madrid,1.3
2020-06-22,Villarreal,0.9,Sevilla,0.9
2020-06-22,Leganés,1.2,Granada,0.1
2020-06-23,Levante,0.9,Atlético Madrid,0.9
2020-06-23,Valladolid,1.5,Getafe,0.7
2020-06-23,Barcelona,1.8,Athletic Club,0.4
2020-06-24,Alavés,0.9,Osasuna,1.1
2020-06-24,Real Sociedad,0.8,Celta Vigo,0.9
2020-06-24,Real Madrid,1.3,Mallorca,0.6
2020-06-25,Eibar,0.6,Valencia,0.4
2020-06-25,Betis,0.9,Espanyol,1.1
2020-06-26,Sevilla,1.7,Valladolid,0.6
2020-06-27,Athletic Club,2.6,Mallorca,1.3
2020-06-27,Celta Vigo,1.9,Barcelona,1.5
2020-06-27,Osasuna,1.0,Leganés,1.6
2020-06-27,Atlético Madrid,1.8,Alavés,1.0
2020-06-28,Levante,1.5,Betis,2.1
2020-06-28,Villarreal,2.1,Valencia,0.2
2020-06-28,Granada,1.5,Eibar,1.7
2020-06-28,Espanyol,0.8,Real Madrid,2.1
2020-06-29,Getafe,1.4,Real Sociedad,0.8
2020-06-30,Mallorca,1.5,Celta Vigo,1.4
2020-06-30,Leganés,0.8,Sevilla,0.6
2020-06-30,Barcelona,1.9,Atlético Madrid,1.9
2020-07-01,Alavés,1.1,Granada,1.3
2020-07-01,Valencia,1.0,Athletic Club,0.7
2020-07-01,Valladolid,1.6,Levante,0.4
2020-07-01,Betis,0.5,Villarreal,2.4
2020-07-02,Real Sociedad,1.5,Espanyol,0.2
2020-07-02,Eibar,0.9,Osasuna,0.9
2020-07-02,Real Madrid,1.8,Getafe,0.5
2020-07-03,Atlético Madrid,2.7,Mallorca,0.8
2020-07-04,Celta Vigo,0.2,Betis,0.6
2020-07-04,Valladolid,0.5,Alavés,0.4
2020-07-04,Granada,2.3,Valencia,0.7
2020-07-05,Athletic Club,0.3,Real Madrid,2.5
2020-07-05,Espanyol,0.8,Leganés,0.4
2020-07-05,Osasuna,0.6,Getafe,0.3
2020-07-05,Villarreal,0.9,Barcelona,2.4
2020-07-06,Levante,1.1,Real Sociedad,0.8
2020-07-06,Sevilla,1.3,Eibar,1.5
2020-07-07,Valencia,1.1,Valladolid,0.5
2020-07-07,Celta Vigo,0.4,Atlético Madrid,1.2
2020-07-08,Betis,1.8,Osasuna,0.4
2020-07-08,Getafe,0.3,Villarreal,2.1
2020-07-08,Barcelona,1.0,Espanyol,0.9
2020-07-09,Mallorca,1.3,Levante,1.1
2020-07-09,Eibar,0.2,Leganés,0.4
2020-07-09,Athletic Club,0.9,Sevilla,1.7
2020-07-10,Real Sociedad,1.5,Granada,0.6
2020-07-10,Real Madrid,2.2,Alavés,1.2
2020-07-11,Osasuna,1.4,Celta Vigo,0.9
2020-07-11,Valladolid,1.2,Barcelona,0.9
2020-07-11,Atlético Madrid,0.7,Betis,1.1
2020-07-12,Espanyol,0.7,Eibar,2.0
2020-07-12,Levante,1.1,Athletic Club,0.9
2020-07-12,Leganés,1.2,Valencia,1.5
2020-07-12,Sevilla,1.7,Mallorca,0.4
2020-07-13,Alavés,0.2,Getafe,0.7
2020-07-13,Villarreal,0.4,Real Sociedad,1.3
2020-07-13,Granada,0.9,Real Madrid,0.4
2020-07-16,Eibar,2.7,Valladolid,2.0
2020-07-16,Celta Vigo,1.6,Levante,1.5
2020-07-16,Valencia,1.4,Espanyol,1.3
2020-07-16,Real Sociedad,0.8,Sevilla,0.7
2020-07-16,Mallorca,1.3,Granada,0.9
2020-07-16,Getafe,1.8,Atlético Madrid,1.2
2020-07-16,Athletic Club,0.7,Leganés,2.0
2020-07-16,Barcelona,1.1,Osasuna,0.8
2020-07-16,Real Madrid,1.6,Villarreal,1.1
2020-07-16,Betis,2.1,Alavés,1.8
2020-07-19,Alavés,0.3,Barcelona,3.3
2020-07-19,Valladolid,1.1,Betis,0.5
2020-07-19,Villarreal,3.2,Eibar,0.5
2020-07-19,Sevilla,0.8,Valencia,0.3
2020-07-19,Atlético Madrid,1.6,Real Sociedad,0.4
2020-07-19,Levante,2.4,Getafe,1.4
2020-07-19,Granada,1.6,Athletic Club,0.7
2020-07-19,Leganés,1.4,Real Madrid,0.8
2020-07-19,Osasuna,0.9,Mallorca,0.8
2020-07-19,Espanyol,0.4,Celta Vigo,0.6
2020-09-12,Eibar,0.4,Celta Vigo,0.6
2020-09-12,Granada,0.4,Athletic Club,0.5
2020-09-12,Cádiz,0.7,Osasuna,0.8
2020-09-13,Alavés,1.2,Betis,0.4
2020-09-13,Valladolid,0.8,Real Sociedad,0.3
2020-09-13,Villarreal,2.5,Huesca,0.6
2020-09-13,Valencia,1.9,Levante,2.0
2020-09-19,Villarreal,2.7,Eibar,1.5
2020-09-19,Getafe,0.6,Osasuna,0.5
2020-09-19,Celta Vigo,2.0,Valencia,0.5
2020-09-20,Huesca,0.3,Cádiz,1.2
2020-09-20,Granada,2.2,Alavés,0.7
2020-09-20,Betis,1.6,Valladolid,0.4
2020-09-20,Real Sociedad,0.6,Real Madrid,0.9
2020-09-26,Alavés,1.3,Getafe,1.1
2020-09-26,Valencia,0.6,Huesca,0.9
2020-09-26,Elche,1.0,Real Sociedad,3.1
2020-09-26,Betis,1.2,Real Madrid,3.8
2020-09-27,Osasuna,0.7,Levante,3.1
2020-09-27,Eibar,0.6,Athletic Club,0.6
2020-09-27,Atlético Madrid,3.3,Granada,1.6
2020-09-27,Valladolid,1.5,Celta Vigo,1.3
2020-09-27,Cádiz,1.1,Sevilla,2.4
2020-09-27,Barcelona,2.6,Villarreal,0.2
2020-09-29,Real Sociedad,0.5,Valencia,0.9
2020-09-29,Getafe,0.8,Betis,0.4
2020-09-30,Villarreal,2.3,Alavés,1.1
2020-09-30,Huesca,0.9,Atlético Madrid,1.6
2020-09-30,Eibar,1.2,Elche,0.4
2020-09-30,Real Madrid,2.3,Valladolid,0.6
2020-10-01,Sevilla,1.1,Levante,0.2
2020-10-01,Athletic Club,0.6,Cádiz,0.2
2020-10-01,Celta Vigo,0.5,Barcelona,0.7
2020-10-03,Valladolid,1.1,Eibar,1.7
2020-10-03,Atlético Madrid,0.6,Villarreal,0.3
2020-10-03,Real Sociedad,2.2,Getafe,0.3
2020-10-03,Elche,0.1,Huesca,1.6
2020-10-03,Valencia,0.5,Betis,2.0
2020-10-04,Osasuna,1.2,Celta Vigo,0.5
2020-10-04,Alavés,0.6,Athletic Club,0.6
2020-10-04,Levante,0.5,Real Madrid,2.2
2020-10-04,Cádiz,1.0,Granada,0.6
2020-10-04,Barcelona,1.0,Sevilla,1.5
2020-10-17,Granada,1.3,Sevilla,0.6
2020-10-17,Celta Vigo,1.9,Atlético Madrid,1.4
2020-10-17,Real Madrid,1.0,Cádiz,1.6
2020-10-17,Getafe,1.6,Barcelona,0.7
2020-10-18,Eibar,0.3,Osasuna,1.0
2020-10-18,Athletic Club,2.3,Levante,0.3
2020-10-18,Villarreal,1.5,Valencia,0.6
2020-10-18,Huesca,1.1,Valladolid,1.0
2020-10-18,Alavés,1.7,Elche,0.8
2020-10-18,Betis,0.4,Real Sociedad,1.7
2020-10-23,Elche,0.1,Valencia,1.6
2020-10-24,Barcelona,1.8,Real Madrid,3.0
2020-10-24,Osasuna,1.2,Athletic Club,0.7
2020-10-24,Sevilla,1.7,Eibar,0.2
2020-10-24,Atlético Madrid,1.4,Betis,1.1
2020-10-25,Valladolid,0.3,Alavés,2.5
2020-10-25,Cádiz,0.2,Villarreal,0.8
2020-10-25,Getafe,0.9,Granada,1.1
2020-10-25,Real Sociedad,2.5,Huesca,0.5
2020-10-26,Levante,1.2,Celta Vigo,0.8
2020-10-30,Eibar,0.5,Cádiz,1.0
2020-10-31,Real Madrid,2.3,Huesca,1.0
2020-10-31,Athletic Club,1.2,Sevilla,1.1
2020-10-31,Osasuna,1.1,Atlético Madrid,2.8
2020-10-31,Alavés,1.2,Barcelona,1.9
2020-11-01,Betis,3.2,Elche,0.7
2020-11-01,Celta Vigo,1.6,Real Sociedad,2.0
2020-11-01,Granada,0.2,Levante,0.9
2020-11-01,Valencia,1.4,Getafe,2.4
2020-11-02,Villarreal,1.8,Valladolid,0.7
2020-11-06,Elche,1.5,Celta Vigo,2.1
2020-11-07,Huesca,2.2,Eibar,0.9
2020-11-07,Barcelona,3.4,Betis,1.1
2020-11-07,Sevilla,1.1,Osasuna,0.7
2020-11-07,Atlético Madrid,2.1,Cádiz,0.4
2020-11-08,Getafe,0.7,Villarreal,2.3
2020-11-08,Real Sociedad,3.4,Granada,0.8
2020-11-08,Valladolid,2.1,Athletic Club,1.7
2020-11-08,Levante,2.1,Alavés,0.8
2020-11-08,Valencia,2.5,Real Madrid,1.3
2020-11-20,Osasuna,1.0,Huesca,0.7
2020-11-21,Levante,0.7,Elche,0.6
2020-11-21,Villarreal,1.7,Real Madrid,0.6
2020-11-21,Sevilla,2.6,Celta Vigo,2.1
2020-11-21,Atlético Madrid,0.5,Barcelona,0.9
2020-11-22,Eibar,1.3,Getafe,0.4
2020-11-22,Cádiz,0.1,Real Sociedad,1.2
2020-11-22,Granada,1.5,Valladolid,1.3
2020-11-22,Alavés,1.7,Valencia,1.9
2020-11-23,Athletic Club,2.5,Betis,0.4
2020-11-27,Valladolid,1.6,Levante,1.1
2020-11-28,Elche,0.1,Cádiz,0.5
2020-11-28,Valencia,0.2,Atlético Madrid,0.9
2020-11-28,Huesca,0.2,Sevilla,1.8
2020-11-28,Real Madrid,1.7,Alavés,2.2
2020-11-29,Barcelona,3.7,Osasuna,1.5
2020-11-29,Getafe,0.5,Athletic Club,0.3
2020-11-29,Celta Vigo,4.2,Granada,1.6
2020-11-29,Real Sociedad,1.7,Villarreal,1.2
2020-11-30,Betis,0.7,Eibar,2.9
2020-12-04,Athletic Club,0.5,Celta Vigo,1.2
2020-12-05,Levante,2.2,Getafe,0.5
2020-12-05,Sevilla,0.7,Real Madrid,1.5
2020-12-05,Atlético Madrid,1.2,Valladolid,0.7
2020-12-05,Cádiz,2.5,Barcelona,1.5
2020-12-06,Granada,1.5,Huesca,1.5
2020-12-06,Osasuna,0.4,Betis,1.4
2020-12-06,Villarreal,0.6,Elche,0.1
2020-12-06,Alavés,0.3,Real Sociedad,1.4
2020-12-07,Eibar,1.3,Valencia,0.5
2020-12-11,Valladolid,2.0,Osasuna,1.9
2020-12-12,Valencia,1.5,Athletic Club,1.9
2020-12-12,Getafe,0.5,Sevilla,0.5
2020-12-12,Huesca,0.4,Alavés,0.2
2020-12-12,Real Madrid,0.9,Atlético Madrid,0.7
2020-12-13,Real Sociedad,1.2,Eibar,1.7
2020-12-13,Betis,0.6,Villarreal,1.2
2020-12-13,Elche,0.6,Granada,1.6
2020-12-13,Barcelona,2.1,Levante,1.0
2020-12-14,Celta Vigo,1.5,Cádiz,0.6
2020-12-15,Real Madrid,2.2,Athletic Club,0.8
2020-12-16,Barcelona,2.5,Real Sociedad,1.8
2020-12-18,Athletic Club,1.4,Huesca,0.2
2020-12-19,Atlético Madrid,2.2,Elche,0.6
2020-12-19,Barcelona,2.3,Valencia,1.6
2020-12-19,Osasuna,1.0,Villarreal,2.3
2020-12-19,Levante,1.8,Real Sociedad,1.8
2020-12-19,Sevilla,1.7,Valladolid,1.0
2020-12-20,Celta Vigo,1.6,Alavés,0.7
2020-12-20,Granada,1.4,Betis,0.8
2020-12-20,Cádiz,0.4,Getafe,1.0
2020-12-20,Eibar,0.7,Real Madrid,2.2
2020-12-22,Valencia,0.6,Sevilla,1.8
2020-12-22,Elche,1.2,Osasuna,1.6
2020-12-22,Huesca,1.4,Levante,0.7
2020-12-22,Real Sociedad,0.3,Atlético Madrid,0.5
2020-12-22,Valladolid,0.8,Barcelona,3.0
2020-12-22,Villarreal,1.4,Athletic Club,0.8
2020-12-23,Getafe,0.3,Celta Vigo,0.8
2020-12-23,Real Madrid,1.8,Granada,0.8
2020-12-23,Alavés,1.9,Eibar,1.0
2020-12-23,Betis,0.4,Cádiz,0.3
2020-12-29,Sevilla,2.2,Villarreal,0.6
2020-12-29,Barcelona,2.2,Eibar,0.6
2020-12-29,Cádiz,0.7,Valladolid,0.5
2020-12-29,Levante,1.7,Betis,2.8
2020-12-30,Granada,2.2,Valencia,1.5
2020-12-30,Celta Vigo,2.3,Huesca,1.3
2020-12-30,Atlético Madrid,1.1,Getafe,0.8
2020-12-30,Elche,1.0,Real Madrid,1.4
2020-12-31,Athletic Club,0.2,Real Sociedad,1.6
2020-12-31,Osasuna,0.4,Alavés,1.6
2021-01-02,Villarreal,1.6,Levante,0.5
2021-01-02,Betis,2.1,Sevilla,0.2
2021-01-02,Getafe,0.8,Valladolid,1.2
2021-01-02,Real Madrid,1.0,Celta Vigo,0.7
2021-01-03,Athletic Club,1.4,Elche,0.2
2021-01-03,Alavés,0.3,Atlético Madrid,2.2
2021-01-03,Eibar,1.9,Granada,0.9
2021-01-03,Real Sociedad,0.8,Osasuna,0.8
2021-01-03,Huesca,0.8,Barcelona,3.0
2021-01-04,Valencia,0.8,Cádiz,0.8
2021-01-06,Athletic Club,0.6,Barcelona,1.6
2021-01-08,Celta Vigo,0.4,Villarreal,2.7
2021-01-09,Sevilla,2.6,Real Sociedad,0.8
2021-01-09,Granada,0.5,Barcelona,0.9
2021-01-09,Osasuna,0.6,Real Madrid,0.4
2021-01-10,Levante,1.0,Eibar,1.1
2021-01-10,Cádiz,2.6,Alavés,0.9
2021-01-10,Valladolid,0.7,Valencia,1.2
2021-01-11,Elche,1.1,Getafe,3.1
2021-01-11,Huesca,1.3,Betis,2.4
2021-01-12,Granada,0.8,Osasuna,0.7
2021-01-12,Atlético Madrid,0.4,Sevilla,1.8
2021-01-19,Valladolid,1.0,Elche,0.6
2021-01-19,Cádiz,0.8,Levante,1.9
2021-01-19,Alavés,1.6,Sevilla,1.2
2021-01-20,Getafe,0.8,Huesca,0.8
2021-01-20,Betis,0.8,Celta Vigo,1.1
2021-01-20,Villarreal,2.4,Granada,0.2
2021-01-21,Valencia,0.5,Osasuna,1.6
2021-01-21,Eibar,1.5,Atlético Madrid,1.2
2021-01-22,Levante,1.0,Valladolid,0.6
2021-01-23,Huesca,0.2,Villarreal,0.5
2021-01-23,Sevilla,2.3,Cádiz,0.7
2021-01-23,Real Sociedad,2.2,Betis,0.6
2021-01-23,Alavés,0.7,Real Madrid,1.4
2021-01-24,Osasuna,1.7,Granada,0.7
2021-01-24,Elche,0.5,Barcelona,2.6
2021-01-24,Celta Vigo,1.6,Eibar,0.9
2021-01-24,Atlético Madrid,1.8,Valencia,0.3
2021-01-25,Athletic Club,2.0,Getafe,1.3
2021-01-29,Valladolid,1.8,Huesca,1.2
2021-01-30,Eibar,0.9,Sevilla,1.5
2021-01-30,Real Madrid,1.3,Levante,1.8
2021-01-30,Valencia,2.8,Elche,0.4
2021-01-30,Villarreal,0.2,Real Sociedad,1.3
2021-01-31,Getafe,0.4,Alavés,0.2
2021-01-31,Cádiz,1.2,Atlético Madrid,1.9
2021-01-31,Granada,0.3,Celta Vigo,0.6
2021-01-31,Barcelona,1.9,Athletic Club,0.3
2021-02-01,Betis,1.5,Osasuna,1.4
2021-02-05,Alavés,1.5,Valladolid,0.1
2021-02-06,Levante,1.4,Granada,1.2
2021-02-06,Huesca,1.0,Real Madrid,3.4
2021-02-06,Elche,1.3,Villarreal,1.4
2021-02-06,Sevilla,2.2,Getafe,0.2
2021-02-07,Real Sociedad,4.6,Cádiz,0.5
2021-02-07,Athletic Club,1.2,Valencia,0.9
2021-02-07,Osasuna,1.7,Eibar,1.2
2021-02-07,Betis,1.8,Barcelona,1.3
2021-02-08,Atlético Madrid,1.2,Celta Vigo,1.5
2021-02-09,Real Madrid,1.6,Getafe,0.1
2021-02-12,Celta Vigo,2.1,Elche,1.1
2021-02-13,Granada,0.7,Atlético Madrid,0.7
2021-02-13,Sevilla,1.5,Huesca,1.3
2021-02-13,Eibar,2.5,Valladolid,1.0
2021-02-13,Barcelona,2.4,Alavés,0.7
2021-02-14,Getafe,0.4,Real Sociedad,1.0
2021-02-14,Real Madrid,0.8,Valencia,0.1
2021-02-14,Levante,1.5,Osasuna,0.7
2021-02-14,Villarreal,1.3,Betis,1.0
2021-02-15,Cádiz,0.5,Athletic Club,2.2
2021-02-17,Levante,0.6,Atlético Madrid,1.1
2021-02-19,Betis,2.6,Getafe,0.4
2021-02-20,Elche,0.4,Eibar,1.8
2021-02-20,Atlético Madrid,2.1,Levante,0.8
2021-02-20,Valencia,1.2,Celta Vigo,0.7
2021-02-20,Valladolid,1.0,Real Madrid,0.8
2021-02-21,Barcelona,2.2,Cádiz,1.4
2021-02-21,Real Sociedad,2.4,Alavés,0.8
2021-02-21,Huesca,2.3,Granada,1.0
2021-02-21,Athletic Club,2.6,Villarreal,0.1
2021-02-22,Osasuna,0.5,Sevilla,0.7
2021-02-24,Barcelona,2.7,Elche,0.3
2021-02-26,Levante,1.2,Athletic Club,1.9
2021-02-27,Eibar,1.6,Huesca,0.5
2021-02-27,Sevilla,0.2,Barcelona,1.6
2021-02-27,Alavés,0.4,Osasuna,1.5
2021-02-27,Getafe,0.9,Valencia,0.3
2021-02-28,Celta Vigo,0.9,Valladolid,0.7
2021-02-28,Cádiz,0.2,Betis,0.4
2021-02-28,Granada,1.1,Elche,1.2
2021-02-28,Villarreal,1.8,Atlético Madrid,0.6
2021-03-01,Real Madrid,2.2,Real Sociedad,0.8
2021-03-05,Valencia,1.9,Villarreal,1.9
2021-03-06,Valladolid,1.2,Getafe,0.9
2021-03-06,Elche,0.9,Sevilla,1.2
2021-03-06,Cádiz,1.6,Eibar,1.7
2021-03-06,Osasuna,0.8,Barcelona,0.8
2021-03-07,Huesca,2.2,Celta Vigo,0.9
2021-03-07,Atlético Madrid,1.4,Real Madrid,1.6
2021-03-07,Real Sociedad,4.7,Levante,0.2
2021-03-07,Athletic Club,1.3,Granada,2.0
2021-03-08,Betis,2.0,Alavés,0.8
2021-03-10,Atlético Madrid,1.5,Athletic Club,0.6
2021-03-12,Levante,0.8,Valencia,0.7
2021-03-13,Alavés,1.5,Cádiz,1.5
2021-03-13,Real Madrid,1.6,Elche,0.5
2021-03-13,Osasuna,0.6,Valladolid,1.0
2021-03-13,Getafe,0.7,Atlético Madrid,1.6
2021-03-14,Celta Vigo,1.2,Athletic Club,0.7
2021-03-14,Granada,0.4,Real Sociedad,0.4
2021-03-14,Eibar,1.4,Villarreal,2.8
2021-03-14,Sevilla,0.6,Betis,0.7
2021-03-15,Barcelona,1.1,Huesca,2.2
2021-03-17,Sevilla,1.5,Elche,0.7
2021-03-19,Betis,2.1,Levante,0.6
2021-03-20,Athletic Club,1.6,Eibar,0.6
2021-03-20,Celta Vigo,0.6,Real Madrid,2.5
2021-03-20,Huesca,0.8,Osasuna,0.6
2021-03-20,Valladolid,0.9,Sevilla,1.0
2021-03-21,Getafe,1.8,Elche,1.5
2021-03-21,Valencia,1.9,Granada,1.2
2021-03-21,Villarreal,2.2,Cádiz,0.9
2021-03-21,Atlético Madrid,0.5,Alavés,1.2
2021-03-21,Real Sociedad,0.9,Barcelona,2.8
2021-04-02,Levante,0.6,Huesca,0.8
2021-04-03,Granada,1.4,Villarreal,3.2
2021-04-03,Real Madrid,1.8,Eibar,0.4
2021-04-03,Osasuna,0.2,Getafe,0.3
2021-04-04,Alavés,2.0,Celta Vigo,2.0
2021-04-04,Elche,1.0,Betis,1.9
2021-04-04,Cádiz,0.6,Valencia,1.2
2021-04-04,Sevilla,2.0,Atlético Madrid,0.8
2021-04-05,Barcelona,1.6,Valladolid,0.4
2021-04-07,Real Sociedad,0.9,Athletic Club,0.7
2021-04-09,Huesca,1.2,Elche,1.0
2021-04-10,Getafe,2.1,Cádiz,0.7
2021-04-10,Athletic Club,1.8,Alavés,0.5
2021-04-10,Eibar,0.4,Levante,0.3
2021-04-10,Real Madrid,1.5,Barcelona,1.3
2021-04-11,Villarreal,1.6,Osasuna,1.3
2021-04-11,Valencia,2.3,Real Sociedad,1.0
2021-04-11,Valladolid,1.2,Granada,1.5
2021-04-11,Betis,0.8,Atlético Madrid,1.3
2021-04-12,Celta Vigo,2.6,Sevilla,1.6
2021-04-18,Real Sociedad,0.3,Sevilla,3.4
2021-04-18,Osasuna,0.5,Elche,0.7
2021-04-18,Atlético Madrid,1.9,Eibar,0.0
2021-04-18,Alavés,0.4,Huesca,0.9
2021-04-18,Cádiz,0.4,Celta Vigo,0.5
2021-04-18,Betis,0.7,Valencia,1.6
2021-04-18,Levante,1.0,Villarreal,1.5
2021-04-18,Getafe,1.8,Real Madrid,0.5
2021-04-21,Osasuna,2.9,Valencia,1.1
2021-04-21,Levante,0.3,Sevilla,2.0
2021-04-21,Betis,0.2,Athletic Club,0.8
2021-04-21,Alavés,1.7,Villarreal,1.5
2021-04-21,Elche,1.5,Valladolid,1.1
2021-04-21,Cádiz,1.0,Real Madrid,3.2
2021-04-22,Atlético Madrid,2.2,Huesca,1.5
2021-04-22,Real Sociedad,2.2,Celta Vigo,0.6
2021-04-22,Granada,1.4,Eibar,1.7
2021-04-22,Barcelona,1.7,Getafe,1.5
2021-04-24,Elche,0.4,Levante,0.3
2021-04-24,Valladolid,2.9,Cádiz,1.1
2021-04-24,Valencia,1.0,Alavés,1.0
2021-04-24,Real Madrid,1.0,Betis,0.9
2021-04-25,Huesca,0.8,Getafe,0.7
2021-04-25,Villarreal,0.9,Barcelona,2.8
2021-04-25,Celta Vigo,0.7,Osasuna,1.4
2021-04-25,Sevilla,1.3,Granada,0.9
2021-04-25,Athletic Club,1.2,Atlético Madrid,0.8
2021-04-26,Eibar,1.2,Real Sociedad,0.7
2021-04-28,Athletic Club,1.5,Valladolid,0.8
2021-04-29,Barcelona,1.4,Granada,0.7
2021-04-30,Celta Vigo,2.3,Levante,1.2
2021-05-01,Eibar,1.5,Alavés,0.2
2021-05-01,Elche,1.2,Atlético Madrid,0.9
2021-05-01,Huesca,0.6,Real Sociedad,0.3
2021-05-01,Real Madrid,1.7,Osasuna,0.1
2021-05-02,Valladolid,1.2,Betis,2.2
2021-05-02,Villarreal,0.2,Getafe,0.6
2021-05-02,Granada,0.9,Cádiz,1.2
2021-05-02,Valencia,1.2,Barcelona,3.0
2021-05-03,Sevilla,1.1,Athletic Club,0.7
2021-05-07,Real Sociedad,2.4,Elche,0.2
2021-05-08,Alavés,1.2,Levante,0.8
2021-05-08,Barcelona,0.9,Atlético Madrid,0.8
2021-05-08,Cádiz,0.9,Huesca,0.7
2021-05-08,Athletic Club,1.6,Osasuna,1.3
2021-05-09,Getafe,0.8,Eibar,1.1
2021-05-09,Valencia,1.3,Valladolid,1.0
2021-05-09,Villarreal,3.0,Celta Vigo,2.0
2021-05-09,Real Madrid,0.9,Sevilla,1.2
2021-05-10,Betis,1.7,Granada,1.5
2021-05-11,Osasuna,2.1,Cádiz,1.7
2021-05-11,Elche,0.8,Alavés,1.6
2021-05-11,Levante,1.1,Barcelona,2.7
2021-05-12,Sevilla,0.9,Valencia,0.4
2021-05-12,Huesca,1.2,Athletic Club,0.5
2021-05-12,Celta Vigo,0.4,Getafe,1.3
2021-05-12,Atlético Madrid,1.4,Real Sociedad,1.7
2021-05-13,Valladolid,1.0,Villarreal,0.6
2021-05-13,Eibar,1.2,Betis,0.8
2021-05-13,Granada,1.9,Real Madrid,1.3
2021-05-16,Betis,1.1,Huesca,0.3
2021-05-16,Cádiz,1.1,Elche,2.4
2021-05-16,Villarreal,1.2,Sevilla,1.6
2021-05-16,Real Sociedad,1.8,Valladolid,1.6
2021-05-16,Valencia,1.3,Eibar,2.3
2021-05-16,Alavés,2.4,Granada,0.8
2021-05-16,Atlético Madrid,2.6,Osasuna,0.3
2021-05-16,Athletic Club,0.7,Real Madrid,1.0
2021-05-16,Barcelona,2.5,Celta Vigo,0.7
2021-05-16,Getafe,0.5,Levante,0.5
2021-05-21,Levante,1.5,Cádiz,0.5
2021-05-22,Real Madrid,1.2,Villarreal,0.6
2021-05-22,Huesca,1.3,Valencia,0.5
2021-05-22,Osasuna,0.4,Real Sociedad,2.0
2021-05-22,Elche,1.0,Athletic Club,0.5
2021-05-22,Celta Vigo,1.3,Betis,2.3
2021-05-22,Valladolid,1.1,Atlético Madrid,1.4
2021-05-22,Eibar,1.7,Barcelona,0.3
2021-05-23,Granada,0.4,Getafe,0.6
2021-05-23,Sevilla,0.4,Alavés,1.1
2021-08-13,Valencia,1.5,Getafe,1.4
2021-08-14,Mallorca,0.5,Betis,0.6
2021-08-14,Cádiz,0.6,Levante,0.9
2021-08-14,Alavés,1.7,Real Madrid,1.7
2021-08-14,Osasuna,0.9,Espanyol,0.5
2021-08-15,Celta Vigo,2.3,Atlético Madrid,1.5
2021-08-15,Barcelona,2.8,Real Sociedad,0.8
2021-08-15,Sevilla,3.7,Rayo Vallecano,0.4
2021-08-16,Villarreal,1.1,Granada,0.3
2021-08-16,Elche,1.1,Athletic Club,0.6
2021-08-20,Betis,1.1,Cádiz,1.6
2021-08-21,Alavés,0.5,Mallorca,0.7
2021-08-21,Espanyol,1.3,Villarreal,0.6
2021-08-21,Granada,1.1,Valencia,1.5
2021-08-21,Athletic Club,1.4,Barcelona,1.0
2021-08-22,Real Sociedad,1.9,Rayo Vallecano,0.5
2021-08-22,Atlético Madrid,1.2,Elche,0.2
2021-08-22,Levante,1.9,Real Madrid,1.6
2021-08-23,Getafe,0.5,Sevilla,1.2
2021-08-23,Osasuna,2.0,Celta Vigo,0.1
2021-08-27,Mallorca,1.0,Espanyol,0.4
2021-08-27,Valencia,1.6,Alavés,0.4
2021-08-28,Celta Vigo,1.1,Athletic Club,1.4
2021-08-28,Real Sociedad,1.0,Levante,0.4
2021-08-28,Elche,0.5,Sevilla,1.3
2021-08-28,Betis,0.6,Real Madrid,0.9
2021-08-29,Barcelona,1.1,Getafe,0.4
2021-08-29,Rayo Vallecano,2.2,Granada,0.5
2021-08-29,Cádiz,1.6,Osasuna,2.4
2021-08-29,Atlético Madrid,1.7,Villarreal,0.3
2021-09-11,Levante,1.0,Rayo Vallecano,2.2
2021-09-11,Athletic Club,1.4,Mallorca,0.2
2021-09-12,Espanyol,0.4,Atlético Madrid,0.8
2021-09-12,Osasuna,0.6,Valencia,0.9
2021-09-12,Cádiz,0.3,Real Sociedad,1.9
2021-09-12,Real Madrid,3.2,Celta Vigo,1.8
2021-09-13,Getafe,0.3,Elche,0.8
2021-09-13,Granada,0.6,Betis,2.3
2021-09-17,Celta Vigo,1.0,Cádiz,1.1
2021-09-18,Rayo Vallecano,2.2,Getafe,1.1
2021-09-18,Atlético Madrid,0.9,Athletic Club,1.0
2021-09-18,Elche,0.4,Levante,1.1
2021-09-18,Alavés,0.5,Osasuna,1.4
2021-09-19,Mallorca,0.5,Villarreal,1.4
2021-09-19,Real Sociedad,1.3,Sevilla,0.5
2021-09-19,Betis,1.9,Espanyol,1.1
2021-09-19,Valencia,0.9,Real Madrid,1.3
2021-09-20,Barcelona,1.8,Granada,0.8
2021-09-21,Getafe,0.3,Atlético Madrid,1.1
2021-09-21,Levante,1.7,Celta Vigo,0.7
2021-09-21,Athletic Club,0.9,Rayo Vallecano,1.0
2021-09-22,Sevilla,1.0,Valencia,0.4
2021-09-22,Espanyol,1.7,Alavés,0.5
2021-09-22,Real Madrid,2.6,Mallorca,1.4
2021-09-22,Villarreal,3.2,Elche,1.2
2021-09-23,Osasuna,1.0,Betis,2.4
2021-09-23,Granada,1.3,Real Sociedad,1.7
2021-09-23,Cádiz,1.3,Barcelona,0.4
2021-09-25,Alavés,0.7,Atlético Madrid,0.7
2021-09-25,Valencia,0.9,Athletic Club,0.8
2021-09-25,Sevilla,1.8,Espanyol,0.7
2021-09-25,Real Madrid,1.1,Villarreal,0.5
2021-09-26,Mallorca,2.6,Osasuna,0.9
2021-09-26,Barcelona,2.9,Levante,0.8
2021-09-26,Rayo Vallecano,1.3,Cádiz,1.0
2021-09-26,Real Sociedad,2.4,Elche,0.5
2021-09-26,Betis,1.9,Getafe,0.6
2021-09-27,Celta Vigo,1.3,Granada,0.8
2021-10-01,Athletic Club,2.0,Alavés,0.9
2021-10-02,Osasuna,0.5,Rayo Vallecano,0.2
2021-10-02,Mallorca,0.6,Levante,1.2
2021-10-02,Cádiz,0.2,Valencia,1.1
2021-10-02,Atlético Madrid,1.2,Barcelona,0.7
2021-10-03,Elche,1.3,Celta Vigo,0.5
2021-10-03,Espanyol,1.2,Real Madrid,1.6
2021-10-03,Getafe,0.7,Real Sociedad,0.7
2021-10-03,Villarreal,2.6,Betis,0.5
2021-10-03,Granada,0.1,Sevilla,1.3
2021-10-16,Levante,0.9,Getafe,0.6
2021-10-16,Real Sociedad,0.4,Mallorca,0.2
2021-10-17,Rayo Vallecano,1.2,Elche,0.4
2021-10-17,Celta Vigo,1.2,Sevilla,1.0
2021-10-17,Villarreal,0.5,Osasuna,0.6
2021-10-17,Barcelona,1.9,Valencia,0.4
2021-10-18,Alavés,0.9,Betis,1.4
2021-10-18,Espanyol,1.3,Cádiz,0.4
2021-10-22,Osasuna,1.0,Granada,0.5
2021-10-23,Valencia,1.8,Mallorca,0.6
2021-10-23,Cádiz,1.5,Alavés,1.3
2021-10-23,Elche,0.9,Espanyol,0.8
2021-10-23,Athletic Club,2.8,Villarreal,0.5
2021-10-24,Sevilla,1.6,Levante,1.9
2021-10-24,Barcelona,1.6,Real Madrid,1.5
2021-10-24,Betis,1.4,Rayo Vallecano,1.0
2021-10-24,Atlético Madrid,1.7,Real Sociedad,0.8
2021-10-25,Getafe,0.5,Celta Vigo,1.6
2021-10-26,Alavés,1.7,Elche,0.3
2021-10-26,Espanyol,1.3,Athletic Club,3.3
2021-10-26,Villarreal,1.7,Cádiz,1.4
2021-10-27,Rayo Vallecano,0.8,Barcelona,2.5
2021-10-27,Mallorca,1.5,Sevilla,0.8
2021-10-27,Betis,2.0,Valencia,1.6
2021-10-27,Real Madrid,0.7,Osasuna,0.5
2021-10-28,Celta Vigo,1.4,Real Sociedad,1.7
2021-10-28,Granada,2.0,Getafe,0.4
2021-10-28,Levante,1.8,Atlético Madrid,0.9
2021-10-30,Elche,1.1,Real Madrid,1.1
2021-10-30,Sevilla,2.0,Osasuna,0.6
2021-10-30,Valencia,1.1,Villarreal,0.8
2021-10-30,Barcelona,1.3,Alavés,0.9
2021-10-31,Cádiz,1.7,Mallorca,0.9
2021-10-31,Atlético Madrid,2.3,Betis,0.5
2021-10-31,Getafe,0.8,Espanyol,0.6
2021-10-31,Real Sociedad,1.1,Athletic Club,1.0
2021-11-01,Rayo Vallecano,0.6,Celta Vigo,0.6
2021-11-01,Levante,1.1,Granada,1.0
2021-11-05,Athletic Club,0.5,Cádiz,0.5
2021-11-06,Espanyol,1.6,Granada,2.0
2021-11-06,Celta Vigo,1.5,Barcelona,0.9
2021-11-06,Alavés,1.5,Levante,0.8
2021-11-06,Real Madrid,2.1,Rayo Vallecano,1.4
2021-11-07,Villarreal,1.4,Getafe,0.2
2021-11-07,Valencia,1.1,Atlético Madrid,2.3
2021-11-07,Osasuna,0.4,Real Sociedad,1.5
2021-11-07,Mallorca,2.3,Elche,0.8
2021-11-07,Betis,0.3,Sevilla,1.7
2021-11-19,Levante,0.5,Athletic Club,0.5
2021-11-20,Celta Vigo,1.0,Villarreal,2.8
2021-11-20,Sevilla,1.8,Alavés,1.1
2021-11-20,Atlético Madrid,1.0,Osasuna,0.5
2021-11-20,Barcelona,1.4,Espanyol,1.0
2021-11-21,Getafe,1.2,Cádiz,0.4
2021-11-21,Granada,0.7,Real Madrid,3.5
2021-11-21,Elche,0.8,Betis,1.9
2021-11-21,Real Sociedad,0.3,Valencia,0.7
2021-11-22,Rayo Vallecano,2.4,Mallorca,0.7
2021-11-26,Athletic Club,1.1,Granada,1.1
2021-11-27,Alavés,0.9,Celta Vigo,1.2
2021-11-27,Valencia,1.6,Rayo Vallecano,1.2
2021-11-27,Mallorca,0.4,Getafe,0.8
2021-11-27,Villarreal,1.1,Barcelona,3.2
2021-11-28,Betis,2.6,Levante,0.3
2021-11-28,Espanyol,0.4,Real Sociedad,1.7
2021-11-28,Cádiz,1.0,Atlético Madrid,3.8
2021-11-28,Real Madrid,1.2,Sevilla,0.7
2021-11-29,Osasuna,1.8,Elche,1.4
2021-12-01,Real Madrid,1.8,Athletic Club,2.4
2021-12-03,Granada,1.0,Alavés,2.1
2021-12-04,Sevilla,0.4,Villarreal,1.7
2021-12-04,Barcelona,1.0,Betis,0.6
2021-12-04,Atlético Madrid,1.5,Mallorca,0.6
2021-12-04,Real Sociedad,0.7,Real Madrid,1.6
2021-12-05,Rayo Vallecano,0.4,Espanyol,0.6
2021-12-05,Elche,2.4,Cádiz,1.7
2021-12-05,Levante,0.5,Osasuna,0.3
2021-12-05,Celta Vigo,0.9,Valencia,1.3
2021-12-06,Getafe,1.2,Athletic Club,0.5
2021-12-10,Mallorca,0.8,Celta Vigo,1.0
2021-12-11,Espanyol,2.3,Levante,2.9
2021-12-11,Alavés,0.7,Getafe,1.0
2021-12-11,Valencia,1.6,Elche,0.9
2021-12-11,Athletic Club,1.4,Sevilla,0.2
2021-12-12,Villarreal,2.4,Rayo Vallecano,1.5
2021-12-12,Osasuna,0.3,Barcelona,0.9
2021-12-12,Betis,1.6,Real Sociedad,0.9
2021-12-12,Real Madrid,0.4,Atlético Madrid,0.7
2021-12-13,Cádiz,0.7,Granada,1.0
2021-12-17,Celta Vigo,1.2,Espanyol,0.4
2021-12-18,Rayo Vallecano,1.8,Alavés,0.2
2021-12-18,Real Sociedad,0.9,Villarreal,2.9
2021-12-18,Barcelona,2.7,Elche,1.3
2021-12-18,Sevilla,0.5,Atlético Madrid,1.0
2021-12-19,Granada,1.9,Mallorca,0.9
2021-12-19,Athletic Club,1.3,Betis,2.1
2021-12-19,Getafe,1.1,Osasuna,0.6
2021-12-19,Real Madrid,2.0,Cádiz,0.2
2021-12-20,Levante,2.7,Valencia,2.1
2021-12-21,Villarreal,3.3,Alavés,0.8
2021-12-21,Sevilla,0.3,Barcelona,1.8
2021-12-22,Granada,0.6,Atlético Madrid,1.5
2021-12-22,Athletic Club,1.0,Real Madrid,1.1
2021-12-31,Valencia,0.7,Espanyol,2.0
2022-01-02,Getafe,0.9,Real Madrid,0.7
2022-01-02,Atlético Madrid,1.7,Rayo Vallecano,0.1
2022-01-02,Elche,1.2,Granada,1.1
2022-01-02,Alavés,1.7,Real Sociedad,0.9
2022-01-02,Betis,1.4,Celta Vigo,2.6
2022-01-02,Mallorca,0.8,Barcelona,1.3
2022-01-03,Villarreal,3.4,Levante,0.4
2022-01-03,Osasuna,0.9,Athletic Club,1.4
2022-01-03,Cádiz,0.2,Sevilla,0.9
2022-01-08,Levante,1.2,Mallorca,1.2
2022-01-08,Real Sociedad,1.7,Celta Vigo,0.4
2022-01-08,Granada,0.9,Barcelona,0.6
2022-01-08,Real Madrid,3.9,Valencia,1.3
2022-01-09,Rayo Vallecano,1.2,Betis,1.3
2022-01-09,Sevilla,0.7,Getafe,0.1
2022-01-09,Osasuna,2.2,Cádiz,0.2
2022-01-09,Alavés,0.5,Athletic Club,0.8
2022-01-09,Villarreal,2.1,Atlético Madrid,0.7
2022-01-10,Espanyol,1.3,Elche,1.0
2022-01-16,Elche,0.2,Villarreal,0.6
2022-01-18,Betis,2.4,Alavés,0.3
2022-01-18,Cádiz,0.9,Espanyol,1.7
2022-01-19,Celta Vigo,1.2,Osasuna,0.5
2022-01-19,Valencia,0.5,Sevilla,0.9
2022-01-20,Getafe,0.9,Granada,0.7
2022-01-21,Espanyol,1.4,Betis,2.4
2022-01-22,Levante,1.0,Cádiz,0.7
2022-01-22,Villarreal,1.9,Mallorca,1.2
2022-01-22,Sevilla,1.1,Celta Vigo,0.7
2022-01-22,Atlético Madrid,2.5,Valencia,0.7
2022-01-23,Granada,0.7,Osasuna,2.1
2022-01-23,Real Madrid,3.4,Elche,0.6
2022-01-23,Real Sociedad,0.8,Getafe,0.3
2022-01-23,Rayo Vallecano,2.0,Athletic Club,0.4
2022-01-23,Alavés,0.6,Barcelona,1.5
2022-02-04,Getafe,0.8,Levante,0.5
2022-02-05,Elche,0.9,Alavés,0.9
2022-02-05,Mallorca,2.3,Cádiz,0.8
2022-02-05,Celta Vigo,0.7,Rayo Vallecano,0.8
2022-02-05,Osasuna,0.4,Sevilla,1.3
2022-02-06,Valencia,1.1,Real Sociedad,0.4
2022-02-06,Barcelona,1.0,Atlético Madrid,1.3
2022-02-06,Betis,0.6,Villarreal,0.9
2022-02-06,Real Madrid,2.1,Granada,0.6
2022-02-07,Athletic Club,0.8,Espanyol,0.6
2022-02-11,Sevilla,0.8,Elche,0.3
2022-02-12,Cádiz,0.7,Celta Vigo,1.0
2022-02-12,Villarreal,0.4,Real Madrid,1.7
2022-02-12,Rayo Vallecano,0.9,Osasuna,1.6
2022-02-12,Atlético Madrid,2.5,Getafe,2.1
2022-02-13,Alavés,1.8,Valencia,1.2
2022-02-13,Levante,1.7,Betis,2.2
2022-02-13,Real Sociedad,2.9,Granada,1.2
2022-02-13,Espanyol,1.1,Barcelona,1.5
2022-02-14,Mallorca,1.9,Athletic Club,1.6
2022-02-16,Atlético Madrid,1.3,Levante,0.6
2022-02-18,Elche,2.5,Rayo Vallecano,0.7
2022-02-19,Granada,2.3,Villarreal,4.9
2022-02-19,Osasuna,0.6,Atlético Madrid,1.1
2022-02-19,Cádiz,0.5,Getafe,0.9
2022-02-19,Real Madrid,2.9,Alavés,0.6
2022-02-20,Espanyol,1.5,Sevilla,0.5
2022-02-20,Valencia,0.8,Barcelona,2.0
2022-02-20,Betis,1.5,Mallorca,0.4
2022-02-20,Athletic Club,2.8,Real Sociedad,0.4
2022-02-21,Celta Vigo,1.2,Levante,1.7
2022-02-25,Levante,2.1,Elche,0.6
2022-02-26,Mallorca,1.8,Valencia,0.6
2022-02-26,Getafe,1.1,Alavés,1.0
2022-02-26,Rayo Vallecano,0.9,Real Madrid,2.1
2022-02-26,Atlético Madrid,0.6,Celta Vigo,0.8
2022-02-27,Villarreal,4.4,Espanyol,1.1
2022-02-27,Sevilla,1.4,Betis,0.7
2022-02-27,Real Sociedad,1.0,Osasuna,0.4
2022-02-27,Barcelona,3.1,Athletic Club,0.3
2022-02-28,Granada,0.2,Cádiz,0.7
2022-03-02,Mallorca,0.5,Real Sociedad,1.6
2022-03-04,Alavés,1.4,Sevilla,1.2
2022-03-05,Osasuna,0.8,Villarreal,0.5
2022-03-05,Espanyol,0.1,Getafe,0.4
2022-03-05,Valencia,1.6,Granada,0.4
2022-03-05,Real Madrid,2.0,Real Sociedad,0.8
2022-03-06,Cádiz,1.1,Rayo Vallecano,1.1
2022-03-06,Elche,1.1,Barcelona,4.1
2022-03-06,Celta Vigo,2.7,Mallorca,1.5
2022-03-06,Betis,1.0,Atlético Madrid,2.8
2022-03-07,Athletic Club,3.1,Levante,0.5
2022-03-11,Atlético Madrid,0.3,Cádiz,0.8
2022-03-12,Levante,1.1,Espanyol,0.4
2022-03-12,Granada,1.4,Elche,1.2
2022-03-12,Villarreal,1.3,Celta Vigo,0.8
2022-03-12,Getafe,0.9,Valencia,0.2
2022-03-13,Rayo Vallecano,0.4,Sevilla,0.3
2022-03-13,Betis,0.7,Athletic Club,0.5
2022-03-13,Real Sociedad,2.2,Alavés,0.8
2022-03-13,Barcelona,3.6,Osasuna,0.2
2022-03-14,Mallorca,1.4,Real Madrid,1.8
2022-03-18,Athletic Club,2.0,Getafe,0.4
2022-03-19,Alavés,1.7,Granada,2.1
2022-03-19,Elche,0.6,Valencia,0.9
2022-03-19,Osasuna,2.3,Levante,1.0
2022-03-19,Rayo Vallecano,1.4,Atlético Madrid,1.4
2022-03-20,Espanyol,1.3,Mallorca,0.5
2022-03-20,Cádiz,1.7,Villarreal,0.2
2022-03-20,Celta Vigo,0.9,Betis,0.5
2022-03-20,Sevilla,0.3,Real Sociedad,1.1
2022-03-20,Real Madrid,0.8,Barcelona,3.4
2022-04-02,Getafe,1.7,Mallorca,0.4
2022-04-02,Levante,2.0,Villarreal,1.2
2022-04-02,Celta Vigo,1.6,Real Madrid,2.9
2022-04-02,Atlético Madrid,3.0,Alavés,0.5
2022-04-03,Athletic Club,1.9,Elche,0.5
2022-04-03,Betis,4.4,Osasuna,0.4
2022-04-03,Granada,2.1,Rayo Vallecano,0.8
2022-04-03,Valencia,0.2,Cádiz,0.1
2022-04-03,Barcelona,1.9,Sevilla,0.6
2022-04-04,Real Sociedad,2.2,Espanyol,0.4
2022-04-08,Sevilla,2.9,Granada,0.9
2022-04-09,Cádiz,1.3,Betis,1.3
2022-04-09,Mallorca,1.1,Atlético Madrid,0.5
2022-04-09,Villarreal,1.3,Athletic Club,1.8
2022-04-09,Real Madrid,1.6,Getafe,0.4
2022-04-10,Osasuna,2.1,Alavés,0.5
2022-04-10,Espanyol,1.3,Celta Vigo,0.8
2022-04-10,Elche,0.6,Real Sociedad,1.7
2022-04-10,Levante,3.4,Barcelona,1.2
2022-04-11,Rayo Vallecano,0.6,Valencia,0.5
2022-04-15,Real Sociedad,0.9,Betis,0.5
2022-04-16,Elche,1.6,Mallorca,1.5
2022-04-16,Alavés,0.5,Rayo Vallecano,1.0
2022-04-16,Valencia,1.3,Osasuna,1.1
2022-04-16,Getafe,0.9,Villarreal,2.7
2022-04-17,Granada,1.0,Levante,3.9
2022-04-17,Atlético Madrid,1.2,Espanyol,0.7
2022-04-17,Athletic Club,0.5,Celta Vigo,0.4
2022-04-17,Sevilla,0.9,Real Madrid,1.2
2022-04-18,Barcelona,1.2,Cádiz,1.7
2022-04-19,Mallorca,0.8,Alavés,0.6
2022-04-19,Betis,1.2,Elche,0.6
2022-04-19,Villarreal,2.4,Valencia,0.3
2022-04-20,Atlético Madrid,1.1,Granada,0.2
2022-04-20,Celta Vigo,0.4,Getafe,1.1
2022-04-20,Osasuna,1.1,Real Madrid,4.5
2022-04-21,Levante,2.7,Sevilla,1.8
2022-04-21,Espanyol,0.4,Rayo Vallecano,0.6
2022-04-21,Cádiz,3.1,Athletic Club,1.6
2022-04-21,Real Sociedad,0.8,Barcelona,1.1
2022-04-24,Barcelona,1.7,Rayo Vallecano,0.3
2022-04-29,Sevilla,0.7,Cádiz,0.9
2022-04-30,Alavés,2.4,Villarreal,1.3
2022-04-30,Real Madrid,1.8,Espanyol,1.3
2022-04-30,Valencia,0.5,Levante,1.3
2022-04-30,Athletic Club,1.3,Atlético Madrid,0.7
2022-05-01,Elche,0.6,Osasuna,1.1
2022-05-01,Granada,0.7,Celta Vigo,1.1
2022-05-01,Rayo Vallecano,1.4,Real Sociedad,0.7
2022-05-01,Barcelona,1.2,Mallorca,1.0
2022-05-02,Getafe,0.7,Betis,0.2
2022-05-06,Levante,2.1,Real Sociedad,2.1
2022-05-07,Mallorca,1.4,Granada,1.6
2022-05-07,Athletic Club,1.3,Valencia,0.1
2022-05-07,Cádiz,1.8,Elche,0.1
2022-05-07,Celta Vigo,1.9,Alavés,0.5
2022-05-07,Betis,0.7,Barcelona,1.2
2022-05-08,Getafe,0.6,Rayo Vallecano,0.7
2022-05-08,Villarreal,2.2,Sevilla,0.8
2022-05-08,Espanyol,0.6,Osasuna,0.6
2022-05-08,Atlético Madrid,2.3,Real Madrid,1.1
2022-05-10,Valencia,1.2,Betis,1.6
2022-05-10,Granada,0.9,Athletic Club,0.3
2022-05-10,Barcelona,1.1,Celta Vigo,0.7
2022-05-11,Osasuna,0.6,Getafe,0.3
2022-05-11,Alavés,2.6,Espanyol,0.9
2022-05-11,Sevilla,1.5,Mallorca,0.6
2022-05-11,Elche,0.2,Atlético Madrid,1.9
2022-05-12,Real Sociedad,3.0,Cádiz,0.7
2022-05-12,Rayo Vallecano,1.8,Villarreal,2.4
2022-05-12,Real Madrid,3.5,Levante,1.0
2022-05-14,Espanyol,0.7,Valencia,1.6
2022-05-15,Levante,1.9,Alavés,0.5
2022-05-15,Villarreal,0.7,Real Sociedad,2.1
2022-05-15,Getafe,0.3,Barcelona,0.2
2022-05-15,Athletic Club,1.1,Osasuna,0.9
2022-05-15,Atlético Madrid,1.2,Sevilla,0.7
2022-05-15,Betis,2.3,Granada,1.1
2022-05-15,Celta Vigo,2.1,Elche,0.5
2022-05-15,Mallorca,0.8,Rayo Vallecano,1.2
2022-05-15,Cádiz,2.7,Real Madrid,1.6
2022-05-20,Real Madrid,1.2,Betis,0.9
2022-05-20,Rayo Vallecano,2.5,Levante,2.5
2022-05-21,Valencia,1.5,Celta Vigo,0.9
2022-05-22,Elche,2.7,Getafe,1.3
2022-05-22,Osasuna,0.8,Mallorca,1.2
2022-05-22,Granada,1.7,Espanyol,0.3
2022-05-22,Alavés,0.4,Cádiz,1.8
2022-05-22,Barcelona,0.6,Villarreal,0.8
2022-05-22,Sevilla,1.2,Athletic Club,0.7
2022-05-22,Real Sociedad,2.5,Atlético Madrid,0.7
